Label,Area,Major,Minor,Angle,Feret,Slice,FeretX,FeretY,FeretAngle,MinFeret,Scale+AF8-um,Scale+AF8-px
2020120101.jpg+AF8-converted.tif:0488+AC0-0792,396612,1217.221699859,414.864508557,178.903002883,1207.719338257,1,189,463,176.154367679,425.874149604,100,45
2020120102.jpg+AF8-converted.tif:0483+AC0-0782,397805,1237.474578960,409.302191500,177.690047327,1255.048206245,1,155,450,179.497818776,417.894669901,100,45
2020120103.jpg+AF8-converted.tif:0611+AC0-0825,415524,1245.836966379,424.663581884,179.091502149,1243.860120753,1,204,604,176.866161845,425.957151478,100,45
2020120201.jpg+AF8-converted.tif:0587+AC0-0841,383955,1194.136688723,409.389221532,179.686608935,1182.956043139,1,251,608,176.704643519,411.000000000,100,45
2020120202.jpg+AF8-converted.tif:0647+AC0-0761,405241,1208.591860140,426.917376630,0.193568068,1209.566037883,1,157,647,1.752921731,433.000000000,100,45
2020120203.jpg+AF8-converted.tif:0595+AC0-0739,402347,1263.396825744,405.481556283,1.454164890,1254.318938707,1,114,659,4.756054856,405.396607254,100,45
2020120204.jpg+AF8-converted.tif:0516+AC0-0817,394203,1187.160768416,422.785912074,1.840298295,1196.607287292,1,219,520,2.970005053,434.147096527,100,45
2020120205.jpg+AF8-converted.tif:0563+AC0-0751,466905,1254.259363279,473.970477749,178.294702988,1271.983097372,1,116,561,176.800180947,481.640131114,100,45
2020120206.jpg+AF8-converted.tif:0607+AC0-0699,508051,1256.282054121,514.908751439,179.891477720,1290.802076230,1,56,611,175.601294645,532.000000000,100,45
2020120207.jpg+AF8-converted.tif:0531+AC0-0774,458733,1200.863332475,486.380906369,0.837315425,1229.322170954,1,160,545,2.657587128,496.652689201,100,45
2020120208.jpg+AF8-converted.tif:0526+AC0-0828,445008,1249.129963282,453.597143595,0.131304702,1268.763177271,1,194,544,178.012615798,466.907013963,100,45
2020120209.jpg+AF8-converted.tif:0575+AC0-0847,356749,1142.757122778,397.483354328,178.233670951,1151.502062525,1,272,549,178.308001576,404.000000000,100,45
2020120210.jpg+AF8-converted.tif:0526+AC0-0817,463560,1250.031903522,472.166287672,178.159660384,1270.190536888,1,182,511,0.992426053,489.492952634,100,45
2020120211.jpg+AF8-converted.tif:0571+AC0-0777,455852,1316.178799601,440.980202023,179.412832968,1338.896934047,1,108,535,177.902661354,451.000000000,100,45
2020120301.jpg+AF8-converted.tif:0573+AC0-0831,322905,1121.447486536,366.611384063,178.188024095,1108.115517444,1,277,548,179.172681625,371.700286101,100,45
2020120302.jpg+AF8-converted.tif:0527+AC0-0765,460767,1265.002755660,463.767183655,0.612280887,1280.016406145,1,126,542,2.283453885,468.833423463,100,45
2020120303.jpg+AF8-converted.tif:0512+AC0-0740,488296,1302.657348680,477.268851526,1.168811717,1321.296711568,1,80,515,178.785736838,485.987949268,100,45
2020120304.jpg+AF8-converted.tif:0570+AC0-0745,323117,1049.677352873,391.935046374,1.205943564,1048.038644326,1,221,577,0.492031812,397.496268878,100,45
2020120305.jpg+AF8-converted.tif:0657+AC0-0772,537462,1355.378310208,504.890676676,178.721368306,1391.112145012,1,78,647,176.166747121,522.000000000,100,45
2020120306.jpg+AF8-converted.tif:0552+AC0-0794,429402,1207.568266340,452.754202166,175.885176598,1225.094690218,1,185,514,173.014205682,461.252816746,100,45
2020120307.jpg+AF8-converted.tif:0599+AC0-0810,397535,1143.538520527,442.623727431,177.329790167,1152.173598031,1,234,565,179.005381526,452.887122394,100,45
2020120308.jpg+AF8-converted.tif:0582+AC0-0714,419984,1204.381073317,443.995882037,178.448508024,1221.001638001,1,104,554,0.093850497,457.000000000,100,45
2020120309.jpg+AF8-converted.tif:0624+AC0-0809,506702,1302.500902522,495.318676975,178.836135878,1330.467962786,1,145,613,176.509626691,509.739878462,100,45
2020120310.jpg+AF8-converted.tif:0474+AC0-0806,452408,1238.553199759,465.077928075,179.235510511,1252.792879929,1,181,449,3.065669984,475.424204989,100,45
2020120311.jpg+AF8-converted.tif:0605+AC0-0798,419116,1213.013312242,439.925151394,177.478239250,1230.032926389,1,183,572,179.580770071,449.000000000,100,45
2020120312.jpg+AF8-converted.tif:0586+AC0-0798,541136,1363.543727070,505.297879783,178.497881808,1381.495566406,1,108,583,1.534711668,516.541161040,100,45
2020120313.jpg+AF8-converted.tif:0543+AC0-0757,524524,1370.091815047,487.445214713,177.413053948,1410.102478545,1,52,508,0.690766709,500.492111748,100,45
2020120314.jpg+AF8-converted.tif:0582+AC0-0754,473487,1297.904248655,464.489096898,0.244968095,1319.388115757,1,95,591,178.610230968,478.343337033,100,45
2020120315.jpg+AF8-converted.tif:0570+AC0-0765,525396,1315.773275814,508.412031269,178.158940734,1340.119770767,1,96,533,175.506200724,522.098382311,100,45
2020120316.jpg+AF8-converted.tif:0610+AC0-0803,515997,1324.986787242,495.844782522,179.078502384,1339.989925335,1,134,612,176.877093267,504.000000000,100,45
2020120401.jpg+AF8-converted.tif:0601+AC0-0799,426956,1222.923242390,444.522799321,178.146106303,1242.636712801,1,180,562,175.615440004,454.798773085,100,45
2020120402.jpg+AF8-converted.tif:0585+AC0-0827,324262,1099.961504593,375.343318408,0.264884406,1112.115101957,1,271,588,0.824342821,383.000000000,100,45
2020120403.jpg+AF8-converted.tif:0490+AC0-0800,461887,1312.975575140,447.908403427,178.903601159,1323.646478483,1,139,503,177.141918005,456.719192974,100,45
2020120404.jpg+AF8-converted.tif:0564+AC0-0835,423993,1255.756008280,429.896134863,178.217629058,1271.819169536,1,200,543,176.935121133,440.330014192,100,45
2020120801.jpg+AF8-converted.tif:0519+AC0-0755,336562,1113.218187601,384.941651536,0.077809471,1108.218390030,1,201,512,178.862507636,391.270642029,100,45
2020120802.jpg+AF8-converted.tif:0495+AC0-0810,316668,1072.406522814,375.971435808,177.818422803,1065.046947322,1,278,491,0.537972730,378.246055000,100,45
2020120803.jpg+AF8-converted.tif:0539+AC0-0762,336876,1142.484276369,375.430851648,179.746002055,1143.318853164,1,191,559,1.353191954,386.000000000,100,45
2020120804.jpg+AF8-converted.tif:0532+AC0-0797,307558,1085.385090794,360.789005876,179.860406913,1082.166807844,1,256,518,1.006014729,369.485229366,100,45
2020120805.jpg+AF8-converted.tif:0586+AC0-0795,284180,1006.363296728,359.541345555,0.316729978,1010.677495544,1,290,582,2.098016104,368.293549235,100,45
2020120806.jpg+AF8-converted.tif:0655+AC0-0803,468885,1360.091724406,438.943133923,175.794899337,1361.567111824,1,125,616,174.817000531,443.201023178,100,45
2020120807.jpg+AF8-converted.tif:0615+AC0-0833,509343,1318.103687800,492.006551106,178.609336442,1339.095590315,1,164,599,179.315392947,499.984476230,100,45
2020120808.jpg+AF8-converted.tif:0573+AC0-0769,429518,1268.707243665,431.052400391,179.842241637,1278.723191312,1,130,586,178.072934706,441.000000000,100,45
2020120809.jpg+AF8-converted.tif:0522+AC0-0769,367043,1217.884066933,383.725902085,179.903996278,1216.383574371,1,162,511,177.266967568,390.000000000,100,45
2020120810.jpg+AF8-converted.tif:0589+AC0-0786,469458,1312.419056735,455.443318294,177.980291703,1309.307068644,1,133,581,175.926854413,466.511884045,100,45
2020120811.jpg+AF8-converted.tif:0571+AC0-0874,374943,1139.026756694,419.122950199,0.093130147,1154.443588921,1,297,574,1.588384076,432.000000000,100,45
2020120812.jpg+AF8-converted.tif:0551+AC0-0847,464488,1327.998102261,445.335342459,178.353831633,1359.994485283,1,168,532,177.808735994,453.000000000,100,45
2020120813.jpg+AF8-converted.tif:0514+AC0-0766,458307,1262.712408560,462.127870189,177.908158574,1281.600561798,1,127,503,175.704159489,470.605979417,100,45
2020120814.jpg+AF8-converted.tif:0608+AC0-0840,455151,1216.044546246,476.558407186,0.201654965,1225.558648127,1,228,596,1.730040432,486.000000000,100,45
2020120815.jpg+AF8-converted.tif:0613+AC0-0774,493777,1288.684846218,487.858924178,176.949997467,1315.038022264,1,119,570,174.983078963,497.601256749,100,45
2020120816.jpg+AF8-converted.tif:0592+AC0-0852,444583,1271.661280191,445.134773964,178.968699479,1286.822443074,1,209,596,2.048586820,458.000000000,100,45
2020120817.jpg+AF8-converted.tif:0547+AC0-0811,454928,1237.307145719,468.139476614,177.926164262,1256.269079457,1,183,529,1.185889758,480.892561285,100,45
2020120818.jpg+AF8-converted.tif:0520+AC0-0735,499879,1331.140352509,478.135689586,179.216718878,1349.963703216,1,61,538,177.834919354,487.553494628,100,45
2020120819.jpg+AF8-converted.tif:0618+AC0-0820,503967,1320.249244106,486.022405622,178.156555899,1338.393066330,1,152,626,176.573206843,501.209761220,100,45
2020120820.jpg+AF8-converted.tif:0647+AC0-0741,540340,1534.525584665,448.335474154,33.247797777,1506.062747697,1,101,1079,31.727133088,444.442754425,100,45
2020120821.jpg+AF8-converted.tif:0639+AC0-0794,553782,1480.750917096,476.175387381,29.574001093,1483.477670880,1,137,1030,32.222365116,485.434753675,100,45
2020120822.jpg+AF8-converted.tif:0577+AC0-0787,504205,1434.290044657,447.589904876,1.222232194,1445.124562105,1,65,602,2.260501911,457.973483937,100,45
2020120823.jpg+AF8-converted.tif:0669+AC0-0759,548006,1406.159159299,496.204789720,32.384417112,1418.352918000,1,147,1079,35.270008283,508.458086058,100,45
2020120824.jpg+AF8-converted.tif:0651+AC0-0761,562718,1464.538775113,489.215323151,29.125774087,1442.148744062,1,147,1040,28.448750922,496.378940901,100,45
2020120825.jpg+AF8-converted.tif:0561+AC0-0815,445155,1240.743855368,456.813827515,178.428792477,1262.411977129,1,185,546,176.457638808,468.794635895,100,45
2020120826.jpg+AF8-converted.tif:0601+AC0-0802,491822,1306.020403167,479.477363334,0.800655555,1343.164174626,1,131,594,0.895840149,490.675183887,100,45
2020120827.jpg+AF8-converted.tif:0598+AC0-0775,426268,1215.589715509,446.483930664,179.881314420,1217.907221425,1,167,587,177.788361512,454.726872924,100,45
2020120828.jpg+AF8-converted.tif:0576+AC0-0842,444830,1226.218834772,461.887495628,0.157728030,1243.521210113,1,221,589,178.341052590,470.620018043,100,45
2020120829.jpg+AF8-converted.tif:0575+AC0-0740,479421,1231.714259167,495.583915858,179.480119880,1257.954689168,1,112,561,2.232356744,514.326636539,100,45
2020120830.jpg+AF8-converted.tif:0482+AC0-0872,441006,1232.604646577,455.544509121,176.797907204,1246.610203712,1,249,441,178.207218214,465.644327589,100,45
2020120831.jpg+AF8-converted.tif:0583+AC0-0761,410712,1176.731212385,444.396098611,0.174920119,1200.843453578,1,161,595,2.147585428,455.569608210,100,45
2020120832.jpg+AF8-converted.tif:0573+AC0-0770,476933,1285.283221002,472.463925356,0.021011363,1315.950227022,1,113,578,177.822502207,483.000000000,100,45
2020120833.jpg+AF8-converted.tif:0542+AC0-0777,484580,1285.332114324,480.021009132,179.299492940,1307.994648307,1,124,537,177.765414658,488.922235667,100,45
2020120834.jpg+AF8-converted.tif:0571+AC0-0727,486660,1221.943793894,507.089409462,1.670104540,1247.048515496,1,104,578,179.494597251,519.206158463,100,45
2020120835.jpg+AF8-converted.tif:0626+AC0-0764,440749,1195.274418493,469.498089660,0.205515720,1222.982011315,1,153,625,177.703772541,483.957774231,100,45
2020120836.jpg+AF8-converted.tif:0643+AC0-0754,427061,1174.598627791,462.924900769,178.847945629,1184.324702098,1,163,629,177.289796900,472.174405817,100,45
2020120837.jpg+AF8-converted.tif:0641+AC0-0718,514810,1325.618966234,494.468219542,179.480803699,1342.728937649,1,49,713,4.271068884,509.166493209,100,45
2020120838.jpg+AF8-converted.tif:0561+AC0-0799,501986,1293.519657288,494.115742658,179.236633162,1308.634784804,1,146,547,176.363581413,509.582170356,100,45
2020120839.jpg+AF8-converted.tif:0631+AC0-0754,477845,1248.279389303,487.399820479,179.901269430,1269.113864080,1,120,621,0.767509843,497.620407169,100,45
2020120840.jpg+AF8-converted.tif:0575+AC0-0805,502354,1273.542994469,502.234303069,0.437477345,1300.744402256,1,155,586,178.061498231,515.704795226,100,45
2020120841.jpg+AF8-converted.tif:0587+AC0-0774,469995,1255.295981681,476.713244176,177.335260617,1264.571073527,1,142,545,178.278018951,483.278003839,100,45
2021010401.jpg+AF8-converted.tif:0506+AC0-0819,423663,1207.223720421,446.830588329,0.847837608,1220.321269175,1,209,524,178.685245709,452.768362327,100,45
2021010402.jpg+AF8-converted.tif:0525+AC0-0775,356836,1093.690903659,415.416919593,179.975910520,1104.130879923,1,223,538,0.882202244,419.839701651,100,45
2021010403.jpg+AF8-converted.tif:0601+AC0-0884,395507,1150.603346609,437.661818127,0.523254061,1154.364327238,1,307,608,1.439538967,442.000000000,100,45
2021010404.jpg+AF8-converted.tif:0527+AC0-0862,397236,1191.714877252,424.410732338,0.495706548,1201.633055471,1,262,570,1.859908796,429.811992567,100,45
2021010405.jpg+AF8-converted.tif:0570+AC0-0880,381804,1209.904740562,401.790268970,179.604240103,1205.302451669,1,278,591,1.283591065,414.515692274,100,45
20210112.jpg+AF8-converted.tif:0543+AC0-0825,433022,1215.638069940,453.540200635,179.152984054,1218.561857273,1,216,551,1.739977099,451.447951623,100,45
2021011202.jpg+AF8-converted.tif:0595+AC0-0814,434374,1246.689016646,443.624790642,179.267115061,1264.873511463,1,182,602,177.870520900,451.000000000,100,45
2021011203.jpg+AF8-converted.tif:0596+AC0-0765,382252,1121.418574535,434.002408651,2.028830462,1127.007098469,1,202,581,179.796644050,435.459306586,100,45
2021011204.jpg+AF8-converted.tif:0625+AC0-0795,406661,1170.196468500,442.470029982,2.062984030,1184.571652539,1,204,688,2.951775072,444.975503996,100,45
2021011205.jpg+AF8-converted.tif:0600+AC0-0752,428952,1196.237375586,456.563772659,1.127975724,1206.280232782,1,149,593,178.764958925,458.471130336,100,45
2021011206.jpg+AF8-converted.tif:0509+AC0-0786,396053,1158.803702834,435.164592742,178.819828055,1163.300906902,1,205,481,177.290088010,437.693757943,100,45
2021011207.jpg+AF8-converted.tif:0549+AC0-0796,397520,1152.951600176,438.993435410,179.694602840,1161.362131292,1,216,565,1.430863195,438.000000000,100,45
2021011208.jpg+AF8-converted.tif:0526+AC0-0727,417526,1205.667674123,440.926322871,179.208671730,1209.344037071,1,123,494,177.298477739,441.000000000,100,45
2021011209.jpg+AF8-converted.tif:0514+AC0-0806,418177,1227.748697123,433.671397368,1.971496271,1241.702460334,1,186,539,3.000661413,439.169024553,100,45
2021011210.jpg+AF8-converted.tif:0568+AC0-0826,433781,1206.428029084,457.803623291,1.262537928,1216.684429094,1,218,583,3.015262591,458.236016935,100,45
2021011211.jpg+AF8-converted.tif:0593+AC0-0851,440439,1233.053883465,454.793062463,177.479019795,1243.511962146,1,231,576,176.357560667,455.408861101,100,45
2021011212.jpg+AF8-converted.tif:0649+AC0-0744,436888,1188.993064490,467.843837642,179.498822899,1191.082280953,1,149,660,0.673471008,471.822692708,100,45
2021011213.jpg+AF8-converted.tif:0595+AC0-0761,401712,1209.518181366,422.875498587,178.471910155,1219.984426130,1,152,526,177.698127519,422.886495090,100,45
2021011214.jpg+AF8-converted.tif:0562+AC0-0767,440262,1205.246737810,465.098946845,0.786091858,1217.006573524,1,159,558,179.811682586,466.000000000,100,45
2021011215.jpg+AF8-converted.tif:0498+AC0-0775,405161,1157.448504145,445.693268717,178.798043033,1163.761143878,1,194,467,176.847479592,446.764617951,100,45
2021011216.jpg+AF8-converted.tif:0506+AC0-0711,436301,1213.708260585,457.701166456,179.560327406,1226.719201774,1,98,533,1.962057108,464.552670371,100,45
2021011217.jpg+AF8-converted.tif:0535+AC0-0754,433972,1227.256508226,450.232129962,178.798173948,1231.058487644,1,139,521,179.441488565,446.743631977,100,45
2021011218.jpg+AF8-converted.tif:0568+AC0-0741,434641,1190.568883851,464.821579389,176.786292967,1198.384329003,1,143,536,175.692967814,467.563379460,100,45
2021011219.jpg+AF8-converted.tif:0569+AC0-0875,456099,1303.853222597,445.390073859,0.777531061,1310.842858622,1,220,584,177.945231240,448.805565238,100,45
2021011220.jpg+AF8-converted.tif:0514+AC0-0807,483245,1321.507273813,465.594594890,176.737462862,1332.223704938,1,143,492,175.436367698,467.150985016,100,45
2021011221.jpg+AF8-converted.tif:0507+AC0-0780,524530,1372.571694974,486.570093821,1.437151310,1383.117131699,1,89,520,179.254326968,491.000000000,100,45
2021011222.jpg+AF8-converted.tif:0550+AC0-0823,468090,1286.065272531,463.421811649,173.715399253,1298.970746399,1,180,451,171.589191119,471.501498171,100,45
2021011223.jpg+AF8-converted.tif:0595+AC0-0771,575091,1385.535300463,528.480654933,23.827915374,1405.205323076,1,117,895,21.324397366,536.400241452,100,45
2021011224.jpg+AF8-converted.tif:0599+AC0-0766,567385,1431.771887731,504.561533356,29.713234392,1444.372874295,1,127,978,27.771473351,511.537172819,100,45
2021011225.jpg+AF8-converted.tif:0526+AC0-0798,488939,1304.106507947,477.366277961,3.600636209,1326.217176785,1,135,560,1.036914465,485.045427242,100,45
2021011226.jpg+AF8-converted.tif:0523+AC0-0760,524924,1345.181429304,496.850447249,1.546154677,1366.556621586,1,77,535,178.364620387,503.778718212,100,45
2021011227.jpg+AF8-converted.tif:0583+AC0-0797,512401,1335.371862337,488.559954244,176.276000051,1344.366393510,1,128,548,174.878883720,493.499795085,100,45
2021011228.jpg+AF8-converted.tif:0561+AC0-0780,491778,1317.312182700,475.324835718,174.652541218,1333.045385574,1,121,512,171.675386941,482.283919168,100,45
2021011229.jpg+AF8-converted.tif:0545+AC0-0783,476817,1342.704891886,452.148691548,176.079582572,1336.216299856,1,116,487,177.555148282,456.047213497,100,45
2021011230.jpg+AF8-converted.tif:0590+AC0-0803,517766,1347.909535228,489.083376065,178.952092654,1360.194471390,1,123,566,0.968880380,498.185549693,100,45
2021011231.jpg+AF8-converted.tif:0551+AC0-0792,512996,1302.302278063,501.547762369,179.060211030,1321.667507356,1,132,549,1.821054031,507.000000000,100,45
2021011232.jpg+AF8-converted.tif:0517+AC0-0758,526110,1312.963557697,510.192421529,1.845701638,1331.046205058,1,93,534,3.877068669,517.280044524,100,45
2021011233.jpg+AF8-converted.tif:0524+AC0-0792,509812,1271.981053795,510.316405141,178.818796104,1297.126054013,1,145,505,176.021383892,521.468504074,100,45
2021011234.jpg+AF8-converted.tif:0547+AC0-0779,538528,1360.886249212,503.844568893,1.026965341,1394.080700677,1,82,556,179.383498189,513.165111923,100,45
2021011235.jpg+AF8-converted.tif:0623+AC0-0737,563219,1367.024218249,524.579369972,176.468213418,1379.800710248,1,48,597,175.219116125,542.445436017,100,45
2021011236.jpg+AF8-converted.tif:0665+AC0-0810,505683,1317.880048026,488.554017996,178.892624124,1328.543563456,1,146,662,1.639040423,505.000000000,100,45
2021011237.jpg+AF8-converted.tif:0512+AC0-0778,568480,1362.209234606,531.350983390,178.296212310,1398.946031840,1,81,473,175.695531039,545.952488389,100,45
2021011238.jpg+AF8-converted.tif:0619+AC0-0778,473621,1286.601918728,468.702072987,1.937049682,1307.700653820,1,126,651,3.682923424,478.890408673,100,45
2021011239.jpg+AF8-converted.tif:0686+AC0-0786,556841,1375.617461908,515.399085111,178.393811003,1386.923213448,1,93,654,176.279357049,527.076309445,100,45
2021011240.jpg+AF8-converted.tif:0565+AC0-0798,541898,1316.638303119,524.036070634,178.544758749,1330.006015024,1,133,554,0.172317614,537.000000000,100,45
2021011241.jpg+AF8-converted.tif:0648+AC0-0749,534487,1314.425778184,517.739377789,1.596527402,1345.081781900,1,77,656,3.879244824,529.023001021,100,45
2021011242.jpg+AF8-converted.tif:0600+AC0-0771,518592,1301.054498296,507.505137447,0.428786155,1329.795848993,1,107,596,178.017641756,522.000000000,100,45
2021011243.jpg+AF8-converted.tif:0558+AC0-0767,482509,1298.744197689,473.033520060,175.935435129,1323.598504079,1,109,500,174.276484946,486.478286520,100,45
2021011244.jpg+AF8-converted.tif:0642+AC0-0743,454324,1281.363207445,451.443649670,176.730932846,1302.443856755,1,92,596,178.504136808,461.302618551,100,45
2021011245.jpg+AF8-converted.tif:0577+AC0-0787,543101,1363.183414457,507.266786444,178.434886465,1395.732065978,1,91,564,175.809092473,520.000000000,100,45
2021011401.jpg+AF8-converted.tif:0560+AC0-0783,549158,1440.173822544,485.503673905,178.964564335,1455.236406911,1,57,519,176.178068177,494.067427178,100,45
2021011402.jpg+AF8-converted.tif:0602+AC0-0818,486230,1289.411925818,480.131485866,179.288252218,1301.829865996,1,168,595,176.961767240,490.761054983,100,45
2021011403.jpg+AF8-converted.tif:0595+AC0-0781,478334,1299.070950083,468.822556884,179.744973098,1307.581737407,1,128,594,178.290839667,473.903460059,100,45
2021011404.jpg+AF8-converted.tif:0625+AC0-0812,464241,1258.988271705,469.496033261,178.840374633,1272.908480607,1,177,592,176.126042475,474.000000000,100,45
2021011405.jpg+AF8-converted.tif:0480+AC0-0791,472639,1263.420659559,476.312193117,179.318653027,1273.276482151,1,155,468,177.434216938,479.000000000,100,45
2021011406.jpg+AF8-converted.tif:0601+AC0-0764,486847,1280.656018030,484.027595161,179.951333441,1283.014029541,1,123,590,177.721883975,487.000000000,100,45
2021011407.jpg+AF8-converted.tif:0575+AC0-0791,503353,1355.023445804,472.972586966,177.277609084,1361.750711401,1,112,534,175.746510334,480.712533928,100,45
2021011408.jpg+AF8-converted.tif:0579+AC0-0766,540984,1396.256335938,493.320749306,178.554617810,1398.070098386,1,67,569,0.573758298,500.194081601,100,45
2021011409.jpg+AF8-converted.tif:0576+AC0-0771,496883,1342.210527522,471.350113663,177.360467485,1354.378086060,1,94,570,178.646142025,482.866520814,100,45
2021011410.jpg+AF8-converted.tif:0665+AC0-0806,527593,1323.707459973,507.477891784,178.689449607,1327.846376657,1,143,651,176.978140967,513.440932999,100,45
2021011411.jpg+AF8-converted.tif:0535+AC0-0762,457079,1253.086627221,464.430028400,179.211755149,1265.174296293,1,130,524,0.951067872,474.907544040,100,45
2021011412.jpg+AF8-converted.tif:0607+AC0-0804,517840,1356.445837291,486.074967182,1.069636209,1379.419080628,1,115,629,178.587627332,494.789712415,100,45
2021011413.jpg+AF8-converted.tif:0620+AC0-0777,506741,1336.528682763,482.745105631,0.611786589,1342.153493457,1,107,657,3.246133687,490.000000000,100,45
2021011414.jpg+AF8-converted.tif:0614+AC0-0767,460369,1313.027924136,446.418545406,178.776805741,1310.772672892,1,112,609,178.032597970,452.872674725,100,45
2021011415.jpg+AF8-converted.tif:0621+AC0-0788,516240,1300.381312195,505.464955863,0.925161561,1317.577322209,1,130,628,178.303809736,513.250435810,100,45
2021011416.jpg+AF8-converted.tif:0603+AC0-0821,479887,1311.450431446,465.904841505,179.439863149,1315.389295988,1,164,595,178.606005199,469.000000000,100,45
2021011417.jpg+AF8-converted.tif:0560+AC0-0764,576802,1428.151145787,514.236268373,0.554217716,1452.489242645,1,39,587,3.354878739,524.987731842,100,45
2021011418.jpg+AF8-converted.tif:0613+AC0-0818,474127,1294.785435864,466.237284499,179.870930532,1300.678284588,1,168,623,178.149549231,468.396081078,100,45
2021011419.jpg+AF8-converted.tif:0606+AC0-0751,504103,1366.484027664,469.704629711,179.910676349,1367.286729256,1,68,604,1.173414430,476.774954981,100,45
2021011420.jpg+AF8-converted.tif:0530+AC0-0788,420028,1280.351710268,417.694806206,179.928992620,1286.176504217,1,146,528,177.549147362,426.000000000,100,45
2021012201.jpg+AF8-converted.tif:0562+AC0-0781,518648,1401.914706466,471.043737791,178.999344885,1406.080011948,1,78,561,0.611240461,475.805614241,100,45
2021012202.jpg+AF8-converted.tif:0626+AC0-0813,505303,1405.137868808,457.870914987,1.532243874,1413.127736618,1,107,632,179.229614857,461.589888991,100,45
2021012203.jpg+AF8-converted.tif:0593+AC0-0773,493980,1336.348571698,470.651807192,0.773097632,1345.966567193,1,101,609,177.828486607,479.294311684,100,45
2021012204.jpg+AF8-converted.tif:0600+AC0-0814,471059,1323.565068967,453.148062582,0.526039339,1336.598668262,1,146,600,1.714930196,461.000000000,100,45
2021012205.jpg+AF8-converted.tif:0568+AC0-0795,455150,1336.928230885,433.467530566,179.758398430,1342.297284509,1,125,560,177.480781283,438.669477695,100,45
2021012206.jpg+AF8-converted.tif:0554+AC0-0814,461922,1325.343821171,443.762099757,179.701601609,1329.216686624,1,150,554,1.034574309,448.870994468,100,45
2021012601.jpg+AF8-converted.tif:0485+AC0-0792,350209,1065.929846211,418.320163665,179.286100139,1079.567505995,1,253,406,178.142122900,426.830283790,100,45
2021012602.jpg+AF8-converted.tif:0576+AC0-0851,364639,1114.351331628,416.630537583,177.596300635,1128.086876087,1,287,570,0.711081320,430.237886113,100,45
2021012603.jpg+AF8-converted.tif:0590+AC0-0850,410249,1146.542643737,455.582923881,179.355242958,1170.750613923,1,266,608,176.866319224,471.579878041,100,45
2021012604.jpg+AF8-converted.tif:0494+AC0-0800,362063,1133.808316982,406.588064650,178.437214714,1138.582012856,1,232,505,176.979277891,419.607183112,100,45
2021012605.jpg+AF8-converted.tif:0640+AC0-0737,399747,1152.434489354,441.650864315,177.237237193,1148.453743082,1,164,638,175.555378443,456.000000000,100,45
2021012606.jpg+AF8-converted.tif:0576+AC0-0769,479273,1292.703499019,472.056691103,0.945260989,1287.641642694,1,126,561,177.106485957,476.804794159,100,45
2021021701.jpg+AF8-converted.tif:0569+AC0-0780,477176,1283.425230146,473.388974073,1.998683604,1312.038109203,1,124,603,179.563302820,486.361238399,100,45
2021021702.jpg+AF8-converted.tif:0558+AC0-0741,430215,1159.964002053,472.227370650,8.198299115,1174.167364561,1,173,714,11.644879766,476.968723824,100,45
2021031801.jpg+AF8-converted.tif:0637+AC0-0819,340518,1150.145400348,376.961889482,179.871605898,1145.698476913,1,247,637,2.000785617,387.000000000,100,45
2021031802.jpg+AF8-converted.tif:0584+AC0-0776,332055,1097.951257029,385.067692505,1.391714076,1097.332219522,1,228,591,178.590087709,396.087439542,100,45
2021031803.jpg+AF8-converted.tif:0528+AC0-0799,374052,1181.140889819,403.218449461,1.835854976,1191.374416378,1,206,584,4.911413832,412.933949995,100,45
2021031804.jpg+AF8-converted.tif:0462+AC0-0797,348126,1202.663586574,368.555092794,0.737031931,1189.203514963,1,203,470,178.939980378,376.615451379,100,45
2021031901.jpg+AF8-converted.tif:0548+AC0-0810,401956,1224.298567610,418.024073525,0.843897955,1220.757551687,1,200,529,2.018605799,427.927764701,100,45
2021031902.jpg+AF8-converted.tif:0588+AC0-0833,425772,1246.911384410,434.762048225,179.502128695,1251.313310087,1,208,582,1.282185463,440.000000000,100,45
2021031903.jpg+AF8-converted.tif:0626+AC0-0883,441596,1223.204955917,459.659264195,178.523478645,1228.739191204,1,270,614,176.173518111,470.000000000,100,45
2021031904.jpg+AF8-converted.tif:0602+AC0-0861,336952,1197.892317028,358.146224814,0.152523577,1180.137280150,1,271,543,179.126064365,360.000000000,100,45
2021031905.jpg+AF8-converted.tif:0546+AC0-0796,427543,1225.457079792,444.213562149,0.280036081,1223.827602238,1,185,536,177.892765765,452.000000000,100,45
2021031906.jpg+AF8-converted.tif:0643+AC0-0776,588085,1414.693932416,529.282737777,32.923925970,1445.763811969,1,150,1046,30.005404237,538.589609513,100,45
2021031907.jpg+AF8-converted.tif:0654+AC0-0768,498663,1337.178007277,474.818945302,32.023716705,1367.483089475,1,175,1037,29.770865776,491.706623149,100,45
2021031908.jpg+AF8-converted.tif:0671+AC0-0776,533619,1434.529461137,473.622069834,32.688471205,1440.043402124,1,149,1048,29.769556480,485.640021795,100,45
2021041601.jpg+AF8-converted.tif:0616+AC0-0819,477233,1386.116153012,438.370136826,0.538493517,1351.402974690,1,144,602,178.600751429,435.156174023,100,45
2021041602.jpg+AF8-converted.tif:0595+AC0-0820,504545,1480.395816721,433.942489463,30.819517460,1458.882449000,1,177,1004,28.093278920,434.158789749,100,45
2021041603.jpg+AF8-converted.tif:0612+AC0-0820,459511,1330.260846796,439.814174679,0.928007446,1327.181976972,1,157,629,2.418294216,447.385030796,100,45
2021041604.jpg+AF8-converted.tif:0518+AC0-0851,433936,1347.023752079,410.166839472,178.965638621,1326.235650252,1,188,544,1.080109203,416.517670232,100,45
2021042101.jpg+AF8-converted.tif:0650+AC0-0848,443008,1194.200599134,472.328773443,1.379301721,1192.026845335,1,252,650,0.384529660,475.941807863,100,45
2021042102.jpg+AF8-converted.tif:0613+AC0-0859,473782,1295.345060442,465.696744756,0.903494098,1302.828461464,1,209,586,176.964098176,473.345054645,100,45
2021042103.jpg+AF8-converted.tif:0527+AC0-0784,495906,1370.215553264,460.808613774,1.890296113,1370.286101513,1,99,563,178.829154374,471.896180591,100,45
2021042104.jpg+AF8-converted.tif:0585+AC0-0834,457914,1266.793751314,460.243991797,178.080392718,1290.527024126,1,191,566,175.199488443,471.817005915,100,45
2021042105.jpg+AF8-converted.tif:0543+AC0-0884,491810,1272.544255770,492.078713693,179.437238680,1276.329502911,1,246,540,1.301952673,542.788931362,100,45
2021042106.jpg+AF8-converted.tif:0607+AC0-0879,439159,1177.270332588,474.958545840,179.364267448,1188.369050422,1,286,578,176.381560708,486.000000000,100,45
2021042108.jpg+AF8-converted.tif:0579+AC0-0780,495642,1290.532488493,489.000470781,3.600886261,1318.151736334,1,121,610,0.869368473,501.817765844,100,45
2021042109.jpg+AF8-converted.tif:0549+AC0-0857,470940,1273.038119685,471.014513961,179.186068421,1281.376213296,1,217,544,176.510130809,475.401800688,100,45
2021042110.jpg+AF8-converted.tif:0584+AC0-0832,468601,1291.248741860,462.065367083,0.438414773,1295.446255157,1,185,581,1.503945235,470.225032681,100,45
2021042111.jpg+AF8-converted.tif:0686+AC0-0780,477205,1288.204679031,471.661287089,179.113944932,1296.921354593,1,133,680,176.153599500,476.548844408,100,45
2021042112.jpg+AF8-converted.tif:0550+AC0-0798,453846,1224.809826351,471.791344246,1.071368912,1230.415377017,1,184,566,2.748460281,485.623790992,100,45
2021042113.jpg+AF8-converted.tif:0569+AC0-0846,419548,1205.621646006,443.078561408,178.723625575,1203.944350873,1,246,538,174.805571092,448.373027211,100,45
2021042301.jpg+AF8-converted.tif:0551+AC0-0807,409042,1167.867235386,445.948335630,179.785262939,1170.111960455,1,223,554,2.498060722,445.079367851,100,45
2021042302.jpg+AF8-converted.tif:0620+AC0-0740,396929,1148.081198447,440.200309817,3.065541860,1154.764045162,1,163,625,2.084368338,439.957141694,100,45
2021042303.jpg+AF8-converted.tif:0622+AC0-0775,467491,1219.712030710,488.007015608,178.701035205,1238.161540349,1,156,616,179.074462103,488.907656287,100,45
2021042304.jpg+AF8-converted.tif:0579+AC0-0760,485264,1290.537747655,478.759583406,2.112339010,1294.086936801,1,113,586,179.335859196,472.360655272,100,45
2021042305.jpg+AF8-converted.tif:0574+AC0-0757,401906,1198.945700084,426.810498950,178.939905917,1198.060098659,1,158,559,179.426104874,432.707881738,100,45
2021042306.jpg+AF8-converted.tif:0685+AC0-0837,364250,1166.819891014,397.471373038,1.877821660,1154.229180016,1,260,670,178.858207557,390.955195801,100,45
2021042307.jpg+AF8-converted.tif:0558+AC0-0835,439092,1226.657419159,455.766450718,2.605109286,1225.163254428,1,223,594,0.935358196,454.981960014,100,45
2021042308.jpg+AF8-converted.tif:0579+AC0-0817,419884,1194.618019785,447.517871108,2.422720376,1198.606273970,1,218,613,3.779097671,449.112929964,100,45
2021042309.jpg+AF8-converted.tif:0545+AC0-0855,399150,1206.237967533,421.321147203,177.429885033,1193.167632816,1,259,534,179.039557203,418.068334078,100,45
2021042310.jpg+AF8-converted.tif:0629+AC0-0826,489836,1294.153037863,481.920257796,1.968591655,1302.775882491,1,176,673,3.740937550,477.364536638,100,45
2021042311.jpg+AF8-converted.tif:0642+AC0-0765,447386,1216.599675665,468.214449136,2.375914456,1221.040949354,1,155,650,0.469242412,467.390116588,100,45
2021050401.jpg+AF8-converted.tif:0537+AC0-0856,378198,1110.359068514,433.676513296,0.086734510,1119.382865690,1,297,579,3.739169532,441.851455365,100,45
2021050402.jpg+AF8-converted.tif:0557+AC0-0864,502253,1317.454101774,485.397085333,178.348654157,1335.534349989,1,197,543,177.253283074,493.752095224,100,45
2021050403.jpg+AF8-converted.tif:0599+AC0-0816,407510,1195.170898362,434.128581600,0.778906659,1215.760667237,1,209,594,177.973094096,447.000000000,100,45
2021050404.jpg+AF8-converted.tif:0517+AC0-0771,421471,1193.144731466,449.763997616,0.094990790,1209.913220029,1,167,531,177.773741691,460.724980646,100,45
2021050405.jpg+AF8-converted.tif:0578+AC0-0882,392974,1151.198362670,434.634076175,178.828355009,1157.304627140,1,305,573,176.383518748,440.973792811,100,45
2021050406.jpg+AF8-converted.tif:0551+AC0-0700,395970,1151.801231744,437.718460993,175.812361899,1163.468091526,1,119,519,178.374674523,448.283994376,100,45
2021050407.jpg+AF8-converted.tif:0556+AC0-0814,428910,1217.216882085,448.650672834,178.595782367,1240.055643913,1,196,526,175.976929579,455.521740177,100,45
2021050408.jpg+AF8-converted.tif:0578+AC0-0763,471175,1258.366109462,476.744119203,179.335380375,1279.564378998,1,124,590,1.701797752,488.000000000,100,45
2021050409.jpg+AF8-converted.tif:0552+AC0-0806,447905,1276.320487893,446.823790493,179.762444688,1298.203759046,1,157,570,178.984849744,455.579001101,100,45
2021050410.jpg+AF8-converted.tif:0577+AC0-0747,446228,1275.187692730,445.546282173,177.255477455,1267.077345705,1,114,563,0.633076771,449.654788901,100,45
2021050411.jpg+AF8-converted.tif:0558+AC0-0795,417081,1218.728745209,435.736027927,1.267767035,1218.474456031,1,186,563,178.401025658,442.627675945,100,45
2021050412.jpg+AF8-converted.tif:0533+AC0-0810,424860,1262.479979492,428.480896144,178.995785895,1261.485632102,1,180,535,1.589879111,436.000000000,100,45
2021050413.jpg+AF8-converted.tif:0622+AC0-0863,503627,1336.566138906,479.765118635,1.349588941,1349.250532703,1,189,633,178.895844440,491.853645692,100,45
2021050415.jpg+AF8-converted.tif:0586+AC0-0833,504391,1376.140818970,466.675036708,0.045317355,1376.021075420,1,146,616,177.792600918,471.000000000,100,45
2021050416.jpg+AF8-converted.tif:0600+AC0-0806,524407,1456.789992361,458.333550778,34.771474304,1455.547319739,1,193,1039,32.543649767,466.224109890,100,45
2021050417.jpg+AF8-converted.tif:0617+AC0-0806,463758,1392.360592202,424.081971362,1.139354964,1364.177407818,1,124,651,0.924045353,418.739249423,100,45
2021050418.jpg+AF8-converted.tif:0559+AC0-0853,322985,1093.686159736,376.010312186,179.654233048,1078.185512795,1,314,576,1.062879535,370.763736645,100,45
2021050419.jpg+AF8-converted.tif:0591+AC0-0869,432398,1210.077858978,454.967611034,2.963696028,1209.238189936,1,265,621,1.137235835,450.081351007,100,45
2021050420.jpg+AF8-converted.tif:0510+AC0-0868,442963,1268.112668805,444.753863224,179.658447632,1248.090140975,1,244,498,0.688618038,443.750386624,100,45
2021050421.jpg+AF8-converted.tif:0552+AC0-0867,478032,1293.694530889,470.473694923,2.819244393,1302.524471939,1,217,578,2.772341774,472.143647134,100,45
2021050422.jpg+AF8-converted.tif:0594+AC0-0858,418168,1205.408388673,441.699293738,0.403775056,1220.983619874,1,248,613,177.700012272,451.509322865,100,45
2021052101.jpg+AF8-converted.tif:0591+AC0-0811,500799,1338.490647688,476.385167028,1.431498085,1346.665511551,1,139,635,4.770708264,486.000000000,100,45
2021052102.jpg+AF8-converted.tif:0559+AC0-0797,515206,1348.966859943,486.283742295,178.697092277,1353.212843569,1,121,560,178.983773458,494.580245099,100,45
2021052103.jpg+AF8-converted.tif:0572+AC0-0835,426747,1226.457547660,443.024837699,177.646098394,1230.595384357,1,222,547,175.619149359,453.108253928,100,45
2021052104.jpg+AF8-converted.tif:0581+AC0-0814,504628,1320.519076868,486.560426302,176.347686685,1343.560940188,1,147,538,173.160613864,495.772084327,100,45
2021052105.jpg+AF8-converted.tif:0653+AC0-0787,490155,1305.920902446,477.888613224,178.890371146,1313.074636112,1,131,623,179.389100901,487.000000000,100,45
2021052106.jpg+AF8-converted.tif:0601+AC0-0828,502771,1325.111947021,483.089689581,178.576324475,1334.970037117,1,161,586,176.177360347,491.192093580,100,45
2021052107.jpg+AF8-converted.tif:0628+AC0-0813,436169,1232.043662224,450.753196510,177.277445087,1249.171325319,1,191,597,175.316348376,463.367851242,100,45
2021052108.jpg+AF8-converted.tif:0521+AC0-0802,515628,1365.731067599,480.708080491,176.016843931,1360.353262943,1,122,503,178.694219379,480.624426529,100,45
2021052109.jpg+AF8-converted.tif:0600+AC0-0780,434493,1218.875173498,453.872292700,177.880107123,1239.601952241,1,161,569,177.086814980,463.657187429,100,45
2021052110.jpg+AF8-converted.tif:0555+AC0-0834,443803,1273.865285061,443.584997801,176.846357442,1273.031814214,1,198,521,179.594930539,455.905270076,100,45
2021052111.jpg+AF8-converted.tif:0624+AC0-0785,486197,1287.122888439,480.952714377,2.406197350,1296.038579673,1,137,680,0.442088291,487.167092613,100,45
2021052112.jpg+AF8-converted.tif:0569+AC0-0844,510215,1360.480953680,477.497250189,1.220724632,1370.892045349,1,160,573,3.722330494,483.374279114,100,45
2021052113.jpg+AF8-converted.tif:0628+AC0-0810,451944,1253.197354439,459.171870071,0.136799057,1273.037705647,1,175,652,3.242243798,470.000000000,100,45
2021052114.jpg+AF8-converted.tif:0671+AC0-0787,510153,1323.713083798,490.700727685,179.178803731,1339.882457531,1,118,677,176.962489884,494.969392945,100,45
2021052115.jpg+AF8-converted.tif:0569+AC0-0797,440218,1237.208615788,453.038362934,0.919811769,1248.093345868,1,175,617,4.641646736,459.584620910,100,45
2021052116.jpg+AF8-converted.tif:0593+AC0-0824,560405,1460.156076598,488.666806585,26.992843923,1459.967807864,1,157,938,23.878810658,496.854304600,100,45
2021052801.jpg+AF8-converted.tif:0640+AC0-0818,467768,1305.716341085,456.133309067,179.485705672,1315.013688142,1,161,630,0.261423796,469.415629842,100,45
2021052802.jpg+AF8-converted.tif:0602+AC0-0804,499392,1385.931102226,458.785896141,2.334938667,1369.675143967,1,120,607,178.200943182,470.000000000,100,45
2021052803.jpg+AF8-converted.tif:0550+AC0-0816,466217,1341.225175086,442.584833520,179.624531763,1320.183320604,1,156,577,179.045158746,447.000000000,100,45
2021052804.jpg+AF8-converted.tif:0649+AC0-0827,586918,1449.727244448,515.467450846,27.983433925,1491.561933008,1,144,1023,23.677767567,524.910315843,100,45
2021052805.jpg+AF8-converted.tif:0633+AC0-0851,523221,1391.401626945,478.787472240,27.592130084,1391.359766559,1,224,984,25.957307746,488.192350207,100,45
2021052806.jpg+AF8-converted.tif:0614+AC0-0803,545623,1418.744965923,489.664313744,26.767569400,1430.931514783,1,149,930,23.824260583,497.380832058,100,45
2021052807.jpg+AF8-converted.tif:0614+AC0-0801,518820,1349.953685717,489.336891768,30.408288781,1366.599429240,1,202,999,29.022026545,504.709776463,100,45
2021052808.jpg+AF8-converted.tif:0565+AC0-0815,641630,1400.299888816,583.409807865,179.574275035,1432.662556222,1,100,601,177.239448504,627.351765936,100,45
2021052809.jpg+AF8-converted.tif:0688+AC0-0839,527511,1333.258790024,503.764063292,1.577882573,1342.688720441,1,168,730,178.164772061,515.542376383,100,45
2021052810.jpg+AF8-converted.tif:0575+AC0-0801,536859,1347.094521374,507.425498286,0.309815682,1365.068496450,1,119,583,177.732875958,520.659594023,100,45
2021060301.jpg+AF8-converted.tif:0655+AC0-0764,462437,1260.704892194,467.034814408,1.971748891,1275.230175302,1,127,720,2.516875657,479.720843416,100,45
2021060302.jpg+AF8-converted.tif:0531+AC0-0797,467515,1250.155120001,476.147780570,2.006681967,1247.830517338,1,175,563,3.859889457,476.188606989,100,45
2021060303.jpg+AF8-converted.tif:0647+AC0-0829,385582,1166.999896503,420.684056279,179.721224291,1179.108561584,1,240,646,0.777503139,426.000000000,100,45
2021060901.jpg+AF8-converted.tif:0635+AC0-0832,382764,1117.242082454,436.208292504,1.677285762,1127.299871374,1,269,651,1.321584797,435.900662148,100,45
2021060902.jpg+AF8-converted.tif:0565+AC0-0765,454045,1216.818998843,475.097816223,0.348032351,1229.049226028,1,151,565,0.512804512,476.000000000,100,45
2021060903.jpg+AF8-converted.tif:0556+AC0-0861,415118,1141.142878540,463.171319973,1.231113907,1159.353267990,1,282,563,2.768623452,470.000000000,100,45
2021060904.jpg+AF8-converted.tif:0524+AC0-0767,450228,1183.445077388,484.389267149,2.334365491,1198.033805867,1,168,545,0.430427642,487.801290913,100,45
2021060905.jpg+AF8-converted.tif:0612+AC0-0799,437118,1236.065170742,450.264222704,179.826529587,1237.032740068,1,181,596,179.583142347,449.955372638,100,45
2021060906.jpg+AF8-converted.tif:0608+AC0-0836,350492,1125.977341201,396.331487486,178.868160552,1120.825142473,1,276,612,177.801331186,400.337173882,100,45
2021060907.jpg+AF8-converted.tif:0578+AC0-0767,431497,1224.089763317,448.822513102,0.550090867,1225.003673464,1,155,578,179.859684086,452.000000000,100,45
2021060908.jpg+AF8-converted.tif:0670+AC0-0770,370322,1171.859671288,402.359280926,1.944117026,1166.381155541,1,189,704,4.967612988,405.168622621,100,45
2021060909.jpg+AF8-converted.tif:0611+AC0-0785,403981,1192.169496091,431.452562918,1.293045288,1190.119741875,1,190,631,3.420174558,439.464248460,100,45
2021060910.jpg+AF8-converted.tif:0549+AC0-0804,526991,1481.731665026,452.838929448,1.229009360,1468.180166056,1,70,527,0.897612477,454.986785166,100,45
2021060911.jpg+AF8-converted.tif:0614+AC0-0849,373278,1173.696477292,404.936301655,3.123595589,1172.409911251,1,263,630,1.515149419,410.309629391,100,45
2021060912.jpg+AF8-converted.tif:0545+AC0-0755,467989,1260.903783694,472.567462329,1.589903774,1287.047007689,1,112,560,0.489695593,480.470843580,100,45
2021060913.jpg+AF8-converted.tif:0584+AC0-0787,465470,1219.715578740,485.895909848,0.060640590,1237.097005089,1,169,553,176.663455961,485.499240899,100,45
2021060914.jpg+AF8-converted.tif:0482+AC0-0817,422567,1204.764670063,446.584323121,178.455330458,1220.020081802,1,207,476,0.328742668,448.749963999,100,45
2021060915.jpg+AF8-converted.tif:0518+AC0-0793,476621,1279.041553988,474.458944011,177.016602355,1301.526027400,1,143,502,178.370966509,477.807272346,100,45
2021060916.jpg+AF8-converted.tif:0658+AC0-0754,409387,1156.149709674,450.847942216,0.489642524,1183.432718831,1,163,679,178.450534268,461.000000000,100,45
2021060917.jpg+AF8-converted.tif:0563+AC0-0765,419017,1202.163415092,443.790758909,3.792838421,1217.562318734,1,157,593,1.741405945,445.990141015,100,45
2021060918.jpg+AF8-converted.tif:0608+AC0-0773,439750,1222.280015881,458.084139905,178.833862598,1239.010088740,1,154,602,0.231216580,459.036815915,100,45
2021060919.jpg+AF8-converted.tif:0605+AC0-0747,524334,1357.670217058,491.726764763,31.025173687,1379.287134719,1,146,989,34.035704472,505.927824519,100,45
2021060920.jpg+AF8-converted.tif:0600+AC0-0791,502817,1355.003563223,472.475870574,25.956670601,1371.370482401,1,169,943,29.294028372,484.779537522,100,45
2021060921.jpg+AF8-converted.tif:0607+AC0-0794,515973,1350.039817310,486.620630882,29.774359428,1363.262263836,1,188,950,27.429685621,492.567938106,100,45
2021060922.jpg+AF8-converted.tif:0628+AC0-0775,501997,1384.999672795,461.489229415,30.207025201,1394.906806923,1,162,1003,29.505428517,471.129979856,100,45
2021062202.jpg+AF8-converted.tif:0622+AC0-0788,503768,1290.324585441,497.097665354,0.058708142,1327.235472703,1,126,716,3.325900876,507.208288469,100,45
2021062203.jpg+AF8-converted.tif:0673+AC0-0754,609683,1547.696942243,501.566220211,34.363413087,1576.759334838,1,79,1128,31.038538886,518.196507254,100,45
2021062204.jpg+AF8-converted.tif:0644+AC0-0789,567767,1402.688620510,515.369830499,31.782988038,1427.042045631,1,177,1059,30.860471379,526.099873852,100,45
2021062205.jpg+AF8-converted.tif:0675+AC0-0746,588976,1518.282973901,493.918160838,29.669435693,1530.130059832,1,68,1062,27.519613371,504.515207939,100,45
2021062206.jpg+AF8-converted.tif:0581+AC0-0779,552377,1355.608073633,518.813847219,32.780775059,1377.807678887,1,184,989,36.678607468,533.577542741,100,45
2021062207.jpg+AF8-converted.tif:0590+AC0-0818,560550,1382.193603069,516.363572524,0.232915405,1401.328298437,1,118,588,177.505119055,527.150520327,100,45
2021062208.jpg+AF8-converted.tif:0682+AC0-0797,549333,1401.454298562,499.076209296,27.120612463,1419.962323444,1,149,1008,24.019846189,506.831169942,100,45
2021070101.jpg+AF8-converted.tif:0539+AC0-0844,306037,1113.113666590,350.061653403,0.882869382,1098.532202532,1,295,562,3.026493972,353.425909277,100,45
2021070102.jpg+AF8-converted.tif:0584+AC0-0780,324151,1176.514003060,350.800645459,178.376108452,1159.612435256,1,205,488,172.617586437,350.000000000,100,45
2021070103.jpg+AF8-converted.tif:0586+AC0-0851,412609,1312.963672612,400.125385243,0.934831965,1280.351514233,1,211,595,1.342624027,396.000000000,100,45
2021070104.jpg+AF8-converted.tif:0577+AC0-0781,500053,1360.693285836,467.913864712,1.788247187,1369.093495712,1,97,585,179.330393911,475.156214230,100,45
2021070105.jpg+AF8-converted.tif:0588+AC0-0749,337685,1091.064456568,394.068281737,0.397055042,1088.291321292,1,206,602,2.791419806,400.094677005,100,45
2021070106.jpg+AF8-converted.tif:0604+AC0-0780,591793,1436.466099055,524.547185898,0.009751206,1450.787717070,1,56,611,2.844655605,531.519019425,100,45
2021070107.jpg+AF8-converted.tif:0553+AC0-0827,478459,1300.333935687,468.489595338,0.818694032,1314.193669137,1,171,557,177.557791126,482.000000000,100,45
2021070108.jpg+AF8-converted.tif:0564+AC0-0782,478341,1275.690033197,477.422148970,179.986494363,1293.473617821,1,136,597,178.449448794,485.000000000,100,45
2021071601.jpg+AF8-converted.tif:0592+AC0-0875,437382,1262.257550856,441.187345782,179.325920395,1260.381688220,1,246,582,177.316934359,449.000000000,100,45
2021071602.jpg+AF8-converted.tif:0630+AC0-0797,390167,1203.642792976,412.727144922,179.461473814,1194.305237366,1,200,622,178.704587568,413.941050269,100,45
2021071603.jpg+AF8-converted.tif:0606+AC0-0782,510524,1390.792667731,467.373290367,175.581833387,1427.009810758,1,78,492,170.887520946,481.315933714,100,45
2021071604.jpg+AF8-converted.tif:0622+AC0-0804,508288,1460.141504673,443.225796708,0.074619737,1455.577548604,1,77,638,178.385906880,449.000000000,100,45
2021071605.jpg+AF8-converted.tif:0543+AC0-0731,472150,1357.037332311,442.994482711,179.365040916,1345.719138602,1,59,529,177.103576206,445.219872493,100,45
2021111801.jpg+AF8-converted.tif:0589+AC0-0780,681077,1598.244332960,542.579223668,32.255890637,1565.782232624,1,91,1017,30.938654330,536.117739652,100,45
2021111802.jpg+AF8-converted.tif:0600+AC0-0807,213697,910.012037401,298.993265813,0.513068067,890.224690738,1,362,613,1.287328942,292.718858143,100,23
2021111803.jpg+AF8-converted.tif:0613+AC0-0812,196011,837.256654009,298.079394422,178.365815131,823.379620831,1,401,609,178.260080006,295.280572711,100,23
2021111804.jpg+AF8-converted.tif:0606+AC0-0800,169735,763.797719938,282.945743990,178.148404900,750.112658205,1,425,602,179.006972597,281.000000000,100,23
2021111805.jpg+AF8-converted.tif:0525+AC0-0872,170620,787.920216396,275.713361076,0.281561816,777.077859677,1,484,530,0.811082979,272.000000000,100,23
2021111806.jpg+AF8-converted.tif:0568+AC0-0861,195436,815.994577304,304.949138862,1.593534712,804.300938704,1,459,577,1.567403845,300.716796687,100,23
2021111807.jpg+AF8-converted.tif:0542+AC0-0906,169685,779.070279627,277.317281634,2.277594565,768.234990091,1,522,568,1.417184631,276.314295719,100,23
2021111808.jpg+AF8-converted.tif:0537+AC0-0844,165344,771.834373542,272.756081488,178.279518862,760.716109991,1,464,528,177.513718692,270.194415080,100,23
2021111809.jpg+AF8-converted.tif:0553+AC0-0898,194075,826.356197264,299.028391707,179.839928083,816.061272209,1,490,552,179.297880987,292.000000000,100,23
2021112401.jpg+AF8-converted.tif:0649+AC0-0830,154880,751.031306427,262.571398823,179.701727027,736.424469990,1,462,649,178.054559813,257.000000000,100,23
2021112402.jpg+AF8-converted.tif:0551+AC0-0954,165032,764.912790329,274.704869893,0.442084072,751.095866052,1,579,572,0.915433886,270.000000000,100,23
2021112403.jpg+AF8-converted.tif:0606+AC0-0829,173026,777.880995867,283.209831115,1.413895997,767.626211121,1,446,622,2.314475825,279.571626696,100,23
2021112404.jpg+AF8-converted.tif:0566+AC0-0797,142803,719.969568930,252.541821979,0.865880077,709.406089627,1,443,569,1.938750137,250.008941590,100,23
2021112405.jpg+AF8-converted.tif:0566+AC0-0820,143220,732.857196293,248.825239787,2.632219862,720.802330740,1,460,585,2.703625587,245.464225608,100,23
2021112406.jpg+AF8-converted.tif:0527+AC0-0851,177787,801.812897071,282.317034020,3.846901474,792.200100985,1,456,570,4.271122748,277.184716853,100,23
2021112407.jpg+AF8-converted.tif:0573+AC0-0843,167738,782.488999137,272.937581219,0.146742008,772.285568945,1,457,593,1.558179700,277.000000000,100,23
2021112408.jpg+AF8-converted.tif:0550+AC0-0823,184919,850.893806652,276.704544718,1.274792519,836.084325891,1,405,557,4.046557030,286.336222600,100,23
2021112409.jpg+AF8-converted.tif:0549+AC0-0844,202196,836.799084825,307.653232007,1.508760439,827.195865560,1,431,564,1.246869673,302.504335730,100,23
2021112410.jpg+AF8-converted.tif:0569+AC0-0845,175262,794.554416668,280.849875614,0.963520139,780.339028884,1,455,577,1.689001522,277.000000000,100,23
2021112411.jpg+AF8-converted.tif:0555+AC0-0788,211631,872.240818524,308.924957843,179.526288930,853.563120103,1,362,524,177.918654376,303.515625985,100,23
2021112412.jpg+AF8-converted.tif:0558+AC0-0823,173020,783.404648892,281.203215148,179.347571882,775.258021564,1,436,569,1.478272657,278.192129341,100,23
2021112413.jpg+AF8-converted.tif:0563+AC0-0838,149540,748.199456855,254.477919992,0.697540166,737.054950462,1,470,566,0.699642314,250.166313820,100,23
2021112414.jpg+AF8-converted.tif:0618+AC0-0797,178337,803.249604978,282.683887153,2.551065248,787.254088589,1,404,634,1.455742060,275.164389368,100,23
2021112415.jpg+AF8-converted.tif:0566+AC0-0850,176175,792.112043582,283.183393828,177.908538744,778.310991828,1,461,570,178.380242503,280.028171203,100,23
2021112416.jpg+AF8-converted.tif:0559+AC0-0790,168196,780.562562238,274.358275463,178.226925976,764.571775571,1,409,540,176.325500479,266.190474039,100,23
2021112417.jpg+AF8-converted.tif:0566+AC0-0830,199093,855.046012175,296.467180796,178.080222767,835.733211019,1,413,553,177.599785539,289.690505251,100,23
2021112418.jpg+AF8-converted.tif:0565+AC0-0847,183688,829.865239994,281.827475380,1.198189796,810.178375421,1,442,581,1.202327501,278.000000000,100,23
2021112419.jpg+AF8-converted.tif:0583+AC0-0816,165762,781.500684729,270.063401784,0.192647483,768.023437142,1,432,588,179.552385829,264.862184467,100,23
2021112420.jpg+AF8-converted.tif:0587+AC0-0790,162689,776.001269854,266.935218202,0.122993529,764.016361081,1,408,597,0.374967026,264.000000000,100,23
2021112421.jpg+AF8-converted.tif:0532+AC0-0829,185050,839.050009220,280.809218955,1.133405112,834.317086005,1,412,545,1.579699040,282.917987249,100,23
2021112422.jpg+AF8-converted.tif:0584+AC0-0720,209000,865.976965385,307.291158410,179.493199554,865.167035895,1,288,576,1.125899278,308.394825985,100,23
2021112423.jpg+AF8-converted.tif:0548+AC0-0732,189028,836.509326875,287.716964928,0.419930425,833.002400957,1,316,547,179.862435368,288.837892430,100,23
2021112424.jpg+AF8-converted.tif:0573+AC0-0878,207925,880.662557796,300.612680754,0.047870814,878.020500900,1,439,571,0.391536818,299.485157454,100,23
2021112425.jpg+AF8-converted.tif:0539+AC0-0727,194467,834.088809747,296.854569505,0.491650242,834.436935903,1,310,549,1.854251715,296.048220606,100,23
2021120201.jpg+AF8-converted.tif:0552+AC0-0804,120223,661.654319089,231.348414679,179.901312806,648.249951793,1,480,559,1.591140271,230.000000000,100,23
2021120202.jpg+AF8-converted.tif:0558+AC0-0814,122657,664.661963190,234.964164474,0.978261398,656.476199112,1,486,561,2.182472018,233.000000000,100,23
2021120203.jpg+AF8-converted.tif:0559+AC0-0831,116576,654.209017747,226.883410562,0.575449867,647.019319650,1,508,574,0.442771553,227.000000000,100,23
2021120204.jpg+AF8-converted.tif:0557+AC0-0906,114205,639.295749267,227.453916866,1.592755044,632.316376508,1,590,575,1.812552686,231.000000000,100,23
2021120205.jpg+AF8-converted.tif:0568+AC0-0844,123603,662.375566180,237.593648503,178.989449893,648.373349236,1,520,558,178.055519786,237.000000000,100,23
2021120206.jpg+AF8-converted.tif:0595+AC0-0815,130373,703.422649368,235.983386823,179.799175978,695.184148266,1,468,586,178.681193425,235.000000000,100,23
2021120207.jpg+AF8-converted.tif:0561+AC0-0853,129021,677.401823274,242.506934078,179.416383892,673.006686445,1,517,548,0.255402972,244.668823223,100,23
2021120301.jpg+AF8-converted.tif:0643+AC0-0856,131055,677.730165201,246.210685466,179.377793597,665.147352096,1,524,640,178.793951221,249.263631476,100,23
2021120302.jpg+AF8-converted.tif:0578+AC0-0847,116507,628.772957008,235.921914238,178.178765735,625.540566231,1,535,568,177.617869079,239.000000000,100,23
2021120303.jpg+AF8-converted.tif:0606+AC0-0855,149298,746.895527814,254.509647562,179.315954268,737.033242127,1,487,601,0.544176929,255.415928897,100,23
2021120304.jpg+AF8-converted.tif:0625+AC0-0856,136138,688.610251096,251.719001954,179.660981114,681.046988100,1,516,635,0.673047214,254.000000000,100,23
2021120305.tif+AF8-converted.tif:0600+AC0-0855,133669,684.226405857,248.737340811,0.549391542,676.106500486,1,517,601,178.983021969,249.252461182,100,23
2021120306.tif+AF8-converted.tif:0525+AC0-0886,127668,697.466819843,233.060471943,0.354679067,682.143679880,1,545,530,178.824005470,232.000000000,100,23
2021120307.tif+AF8-converted.tif:0446+AC0-0973,130126,676.462053755,244.923670261,177.565087993,668.242470964,1,639,430,178.456475258,245.701617665,100,23
2021120308.tif+AF8-converted.tif:0543+AC0-0869,120512,670.619327644,228.804386766,1.285992586,655.556252354,1,542,553,2.360474390,227.861715856,100,23
2021120309.tif+AF8-converted.tif:0602+AC0-0773,142613,711.142642382,255.336272038,178.938268123,703.344154735,1,422,603,178.207544948,256.703027799,100,23
2021120310.tif+AF8-converted.tif:0464+AC0-0870,141806,711.622295989,253.720278156,178.260707002,700.383466395,1,521,450,176.398150940,254.897343465,100,23
2021120311.tif+AF8-converted.tif:0563+AC0-0884,118445,648.676760123,232.486913586,179.109284004,638.028212542,1,565,564,0.538815898,233.850856303,100,23
2021120312.tif+AF8-converted.tif:0573+AC0-0942,121852,680.701712825,227.921837248,0.252959677,668.191589292,1,608,578,1.372091649,228.000000000,100,23
2021120313.tif+AF8-converted.tif:0517+AC0-0775,143544,725.391794016,251.954734968,176.922752841,714.226854718,1,418,509,178.555874469,255.256455368,100,23
2021120314.tif+AF8-converted.tif:0620+AC0-0805,115634,641.242675894,229.600722239,178.598626692,631.419036774,1,490,610,177.912488464,230.866221669,100,23
2021120315.tif+AF8-converted.tif:0539+AC0-0866,117875,656.646101814,228.560119250,179.114382727,643.111965368,1,545,533,178.930840515,228.000000000,100,23
2021120316.tif+AF8-converted.tif:0523+AC0-0855,133041,677.912770715,249.874422770,179.522591007,666.397028805,1,522,522,178.022102976,249.000000000,100,23
2021120317.tif+AF8-converted.tif:0562+AC0-0832,112261,638.972950163,223.695141547,177.918185023,625.582928156,1,520,559,177.526360362,220.000000000,100,23
2021120318.tif+AF8-converted.tif:0594+AC0-0781,110253,629.606516923,222.962240308,2.012077796,617.778277378,1,473,606,2.876299603,222.071406253,100,23
2021120319.tif+AF8-converted.tif:0644+AC0-0827,129653,692.938162317,238.230964422,0.458267245,680.059556215,1,487,646,0.758282219,237.000000000,100,23
2021120320.tif+AF8-converted.tif:0594+AC0-0878,142807,723.254340370,251.401905963,178.604118164,711.962077642,1,523,581,177.021050247,252.583441442,100,23
2021120321.tif+AF8-converted.tif:0640+AC0-0809,117859,647.526102789,231.747784154,178.587637343,638.414442193,1,490,636,177.935372264,231.696240529,100,23
2021120322.tif+AF8-converted.tif:0556+AC0-0898,119379,655.211395414,231.983241859,178.538789076,642.343366121,1,577,546,178.126506986,232.000000000,100,23
2021120801.jpg+AF8-converted.tif:0563+AC0-0906,117970,668.512597983,224.683976855,1.282079976,656.246904755,1,578,537,1.571745915,227.289148188,1000,230
2021120802.jpg+AF8-converted.tif:0552+AC0-0855,150645,739.437199789,259.396161393,0.271743525,727.099030394,1,492,567,179.054350863,256.000000000,1000,230
2021120803.jpg+AF8-converted.tif:0567+AC0-0831,195762,842.629740646,295.802423928,179.740645777,823.442772754,1,420,577,1.879017503,291.226105876,1000,230
2021120804.jpg+AF8-converted.tif:0533+AC0-0859,175559,782.517861048,285.653110761,0.491485004,771.210088108,1,474,534,178.662598290,279.000000000,1000,230
2021120805.jpg+AF8-converted.tif:0514+AC0-0815,165829,771.506958099,273.672243973,0.309366317,756.095232097,1,437,521,0.909380449,269.753022535,1000,230
2021120806.jpg+AF8-converted.tif:0503+AC0-0802,186647,825.637431646,287.833778118,178.859519711,818.513897255,1,393,507,177.969581904,286.914672215,1000,230
2021120807.jpg+AF8-converted.tif:0590+AC0-0866,155053,752.902392263,262.211427615,178.993844613,747.096379325,1,493,593,0.920334967,263.951973969,1000,230
2021120809.jpg+AF8-converted.tif:0584+AC0-0783,181487,779.513202989,296.436833102,179.086454585,766.627027961,1,400,584,177.682505959,294.658485094,1000,230
2021120901.jpg+AF8-converted.tif:0575+AC0-0892,115446,625.286967904,235.076724811,179.525212941,627.028707477,1,579,583,179.451731764,236.470765291,1000,230
2021120903.jpg+AF8-converted.tif:0571+AC0-0858,120993,642.895033318,239.623988758,176.777506294,639.957811109,1,539,563,176.864866241,238.810423194,1000,230
2021120904.jpg+AF8-converted.tif:0556+AC0-0841,320049,1065.772051645,382.351031277,3.242019460,1065.120181012,1,309,549,0.860716912,388.310119621,1000,230
2021120905.jpg+AF8-converted.tif:0589+AC0-0847,101120,594.193444136,216.680247879,0.753387746,586.054604964,1,554,587,179.217853646,219.406184185,1000,230
2021120906.jpg+AF8-converted.tif:0564+AC0-0856,128577,690.013778654,237.255147662,179.157184082,679.460079769,1,517,554,177.891387704,235.000000000,1000,230
2021120907.jpg+AF8-converted.tif:0583+AC0-0881,111014,609.031275273,232.085642492,177.569797351,605.185921846,1,579,567,178.579734454,236.000000000,1000,230
2021120908.jpg+AF8-converted.tif:0567+AC0-0804,199717,968.126406454,262.659483783,178.571682522,934.899459835,1,337,561,177.486488430,259.405169818,1000,230
2021120909.jpg+AF8-converted.tif:0554+AC0-0828,237238,1008.900186975,299.396121651,174.550136519,1038.784867044,1,327,419,165.789849727,386.000000000,1000,230
2021120910.jpg+AF8-converted.tif:0429+AC0-0617,370483,1188.402107059,396.930974331,170.913769208,1297.531887855,1,14,135,159.707536247,576.498656607,1000,230
2021120911.jpg+AF8-converted.tif:0584+AC0-0831,198608,988.176896869,255.901104652,1.893106138,952.277795604,1,355,560,1.383977545,249.968150933,1000,230
2021120912.jpg+AF8-converted.tif:0420+AC0-0918,278829,1121.473061020,316.562315546,8.357334118,1149.048736999,1,351,547,15.548133264,436.685877698,1000,230
2021120913.jpg+AF8-converted.tif:0347+AC0-0991,435106,982.073269909,564.106754889,15.487132720,1224.993877536,1,385,604,8.024268663,691.291872025,1000,230
2021120914.jpg+AF8-converted.tif:0534+AC0-0852,185536,924.700448274,255.468430466,0.245417653,888.068128017,1,408,544,179.290291283,252.532423153,1000,230
2021120915.jpg+AF8-converted.tif:0587+AC0-0826,219265,921.358426968,303.005714828,0.845861202,918.447058899,1,368,645,4.183398638,333.263877892,1000,230
2021120916.jpg+AF8-converted.tif:0549+AC0-0838,201128,948.885271488,269.878910389,1.431724100,914.423315538,1,382,580,3.197208275,269.438382535,1000,230
2021120917.jpg+AF8-converted.tif:0500+AC0-0838,215769,1002.896846126,273.932084231,179.693797638,967.529327721,1,355,489,178.104657582,272.000000000,1000,230
2021120918.jpg+AF8-converted.tif:0544+AC0-0820,198213,988.927366849,255.198347564,179.733604255,953.302155667,1,344,523,178.557389175,253.793554521,1000,230
2021120919.jpg+AF8-converted.tif:0454+AC0-0834,219213,887.983054694,314.319804691,172.897833932,929.904296151,1,370,550,177.472977870,413.493805042,1000,230
2021121401.jpg+AF8-converted.tif:0554+AC0-0844,131473,665.743719449,251.443036974,178.158634163,653.225841497,1,518,541,176.489321570,249.707685823,1000,230
2021121402.jpg+AF8-converted.tif:0606+AC0-0847,167940,762.227032344,280.530393268,177.729137901,754.636998828,1,470,607,177.645663943,281.370312058,1000,230
2021121405.jpg+AF8-converted.tif:0564+AC0-0839,149466,734.472982884,259.105544014,179.373580306,719.544995118,1,480,544,177.769858735,260.742742924,1000,230
2021121406.jpg+AF8-converted.tif:0570+AC0-0875,153913,745.953006777,262.708396197,178.348951116,738.244539431,1,506,533,178.525231182,261.323835612,1000,230
2021121502.jpg+AF8-converted.tif:0569+AC0-0845,108066,604.281006410,227.698542866,179.919212340,600.083327547,1,545,572,179.045158746,229.000000000,1000,230
2021121503.jpg+AF8-converted.tif:0530+AC0-0950,116292,608.505310826,243.329960317,178.015740301,606.082502635,1,647,522,179.054610896,242.643839045,1000,230
2021121504.jpg+AF8-converted.tif:0564+AC0-0856,388614,1180.577540644,419.115810189,178.606568807,1165.251904096,1,274,565,177.343852796,415.248132839,1000,230
2021121505.jpg+AF8-converted.tif:0525+AC0-0901,391602,1175.355353192,424.214813710,171.793997350,1178.081915658,1,317,488,172.881016056,432.325086017,1000,230
2021121506.jpg+AF8-converted.tif:0569+AC0-0823,421535,1272.285555595,421.851076694,1.805896720,1300.364948774,1,176,608,5.206396278,433.000000000,1000,230
2021121701.jpg+AF8-converted.tif:0547+AC0-0820,150057,738.139648639,258.837886187,179.694894574,728.116062177,1,456,553,1.023030189,262.837399050,1000,230
2021121702.jpg+AF8-converted.tif:0556+AC0-0888,138540,712.678339102,247.509425851,177.520917526,705.255981896,1,536,539,178.456232109,247.422950509,1000,230
2021121703.jpg+AF8-converted.tif:0589+AC0-0860,121987,666.863132132,232.909370544,179.171770028,655.092359900,1,533,583,179.037871247,231.511490277,1000,230
2021121704.jpg+AF8-converted.tif:0533+AC0-0864,124092,688.217189028,229.577005783,177.288928834,677.357365059,1,526,520,178.138753726,235.861494802,1000,230
2021121707.jpg+AF8-converted.tif:0559+AC0-0825,147200,737.029736923,254.292129063,1.303087717,723.846668846,1,464,575,2.771490992,250.245894579,1000,230
2021121708.jpg+AF8-converted.tif:0535+AC0-0826,157889,796.968135860,252.244110439,178.209446106,798.641346288,1,427,508,177.703655218,255.337480984,1000,230
2021121709.jpg+AF8-converted.tif:0535+AC0-0857,127121,671.416968072,241.065525393,179.903558526,663.332495812,1,526,546,1.814191909,246.711162678,1000,230
2021121710.jpg+AF8-converted.tif:0461+AC0-0898,157817,730.254433440,275.162787146,178.136338657,734.133502845,1,531,465,178.907297464,300.660196644,1000,230
2021121711.jpg+AF8-converted.tif:0507+AC0-0937,159097,781.707550254,259.136030838,179.296524329,764.512916830,1,555,499,177.901094067,260.192075019,1000,230
2021121712.jpg+AF8-converted.tif:0625+AC0-0878,145584,737.680412202,251.278606311,0.816323013,723.199834071,1,517,621,178.653044525,251.596388410,1000,230
2021121713.jpg+AF8-converted.tif:0484+AC0-0879,129572,698.377342690,236.227873108,0.461749588,689.026124323,1,535,490,179.501065330,235.633654472,1000,230
2021121714.jpg+AF8-converted.tif:0585+AC0-0883,135481,714.330036264,241.484689154,2.135606340,703.230403211,1,532,593,1.466712295,243.807692301,1000,230
2021121715.jpg+AF8-converted.tif:0590+AC0-0924,152346,755.721573665,256.672508026,178.519988724,742.194718386,1,553,585,178.687523076,256.000000000,1000,230
2021121716.jpg+AF8-converted.tif:0579+AC0-0836,130461,713.346716325,232.857459696,178.112627600,702.519038888,1,485,565,177.797401838,237.502257583,1000,230
2021121717.jpg+AF8-converted.tif:0569+AC0-0904,164586,746.821006630,280.599235760,177.754259911,746.812560151,1,532,556,176.007307032,289.000000000,1000,230
2021121718.jpg+AF8-converted.tif:0496+AC0-0957,128080,658.869925672,247.509431734,177.290390420,645.303804421,1,635,487,176.357203658,248.231686075,1000,230
2021121719.jpg+AF8-converted.tif:0569+AC0-0928,162207,764.732244907,270.066246334,0.339204381,756.264503993,1,550,570,1.515407900,271.614012078,1000,230
2021121720.jpg+AF8-converted.tif:0521+AC0-0941,160325,728.691039586,280.135364538,178.818442033,726.055782981,1,578,505,179.289758123,280.556573194,1000,230
2021121722.jpg+AF8-converted.tif:0489+AC0-0874,171072,775.203786175,280.978549488,1.472772193,760.016447190,1,494,501,0.376940480,280.000000000,1000,230
2021121723.jpg+AF8-converted.tif:0572+AC0-0940,158401,752.948572793,267.856829023,179.823752285,744.526695290,1,568,560,177.844724379,269.000000000,1000,230
2021121724.jpg+AF8-converted.tif:0548+AC0-0998,155787,755.572817654,262.521578756,177.118653809,745.745935289,1,626,525,176.078601112,267.676480333,1000,230
2021121725.jpg+AF8-converted.tif:0570+AC0-0858,135872,672.745728183,257.151545041,2.117647119,666.507314288,1,525,572,2.235636896,258.866090492,1000,230
2021121726.jpg+AF8-converted.tif:0573+AC0-0854,127232,672.492741347,240.890055454,0.920662334,653.276358060,1,528,572,1.666635155,235.915170752,1000,230
2021121727.jpg+AF8-converted.tif:0561+AC0-0835,128972,668.928852613,245.485375496,0.763712416,661.218572032,1,505,564,1.473242936,245.929861723,1000,230
2021121728.jpg+AF8-converted.tif:0625+AC0-0795,149193,724.299738475,262.264939923,0.288492504,717.006276123,1,437,623,0.239729896,260.950081603,1000,230
2021121729.jpg+AF8-converted.tif:0624+AC0-0846,158722,743.130332895,271.945738283,177.560921497,733.698166823,1,480,591,177.500270810,272.340620630,1000,230
2021121730.jpg+AF8-converted.tif:0600+AC0-0820,162434,751.236019796,275.302816638,2.053047602,744.075936985,1,449,612,3.081589354,275.633293578,1000,230
2021121731.jpg+AF8-converted.tif:0555+AC0-0840,137316,715.238181262,244.444670188,179.320679464,705.283630889,1,488,528,178.375023642,243.056634944,1000,230
2021121732.jpg+AF8-converted.tif:0553+AC0-0849,148052,746.737980567,252.438828589,179.817429853,754.129962274,1,472,554,1.063725134,263.850268928,1000,230
2021121733.jpg+AF8-converted.tif:0463+AC0-0855,159438,766.861203993,264.719046258,179.280872863,758.480718278,1,476,445,177.959983801,266.000000000,1000,230
2021121734.jpg+AF8-converted.tif:0562+AC0-0839,139446,717.588069805,247.423513609,0.766770011,708.138404551,1,485,559,178.867180242,248.444279374,1000,230
2021121735.jpg+AF8-converted.tif:0561+AC0-0830,124870,688.145446515,231.040433031,179.566633289,669.107614663,1,496,560,178.972383214,232.450885193,1000,230
2021121736.jpg+AF8-converted.tif:0491+AC0-0885,130586,696.643045482,238.669229912,179.034921213,688.529592683,1,541,486,177.752627027,243.953330193,1000,230
2021121737.jpg+AF8-converted.tif:0571+AC0-0823,165193,760.483027732,276.574561750,179.417489219,743.962364640,1,452,557,4.162435439,278.000000000,1000,230
2021121738.jpg+AF8-converted.tif:0544+AC0-0852,136964,728.358107270,239.426154888,0.075529444,718.017409260,1,493,537,0.398989230,238.737480786,1000,230
2021121739.jpg+AF8-converted.tif:0526+AC0-0856,156168,772.829170961,257.287484341,0.019268035,764.147237121,1,474,506,178.875227372,259.983123362,1000,230
2021121740.jpg+AF8-converted.tif:0609+AC0-0835,121108,665.227390511,231.799677800,179.039961913,660.193910908,1,505,605,178.611283410,240.000000000,1000,230
2021121741.jpg+AF8-converted.tif:0588+AC0-0873,130952,696.036858892,239.546602643,0.750387037,686.210609070,1,530,594,1.419575710,240.000000000,1000,230
2021121742.jpg+AF8-converted.tif:0556+AC0-0867,131314,700.573225766,238.653393290,179.635735537,683.211533860,1,526,562,1.425808466,239.861131931,1000,230
2021121743.jpg+AF8-converted.tif:0559+AC0-0770,166257,787.736809661,268.725524049,178.778267059,779.256697116,1,381,577,1.470685382,267.961036853,1000,230
2021121744.jpg+AF8-converted.tif:0564+AC0-0950,129137,701.492759988,234.389211788,0.513445926,689.939852451,1,606,583,2.990963867,235.936770341,1000,230
2021121745.jpg+AF8-converted.tif:0527+AC0-0893,172451,753.434653970,291.427307693,179.844507010,754.023872301,1,516,539,0.455924962,295.961223302,1000,230
2021121746.jpg+AF8-converted.tif:0540+AC0-0818,129286,704.207470527,233.755043322,175.888352472,688.106096471,1,475,503,176.750888439,232.849570150,1000,230
2021122101.jpg+AF8-converted.tif:0465+AC0-0831,171686,692.651383320,315.595131608,168.730179449,699.140186229,1,482,544,1.147401546,381.437919966,1000,230
2021122102.jpg+AF8-converted.tif:0551+AC0-0823,144328,714.119927109,257.329490519,179.452106420,708.180767883,1,469,547,178.705400482,256.422495415,1000,230
2021122103.jpg+AF8-converted.tif:0534+AC0-0817,160425,740.260297016,275.929230282,177.993573074,734.260171874,1,451,530,176.642703729,303.548452431,1000,230
2021122104.jpg+AF8-converted.tif:0538+AC0-0876,152664,742.319504105,261.851993357,179.558912701,734.196840091,1,509,550,1.326776764,263.920085103,1000,230
2021122105.jpg+AF8-converted.tif:0534+AC0-0849,118331,649.366851148,232.016322209,178.281347683,637.706045134,1,531,524,177.303604007,231.170716300,1000,230
2021122106.jpg+AF8-converted.tif:0600+AC0-0835,153092,748.642018256,260.368485377,0.280638456,732.273173071,1,469,601,178.434930914,261.000000000,1000,230
2021122107.jpg+AF8-converted.tif:0628+AC0-0824,117806,667.374256908,224.754335748,179.112899140,655.037403512,1,497,625,179.387702002,224.814547600,1000,230
2021122108.jpg+AF8-converted.tif:0545+AC0-0846,142572,711.221356457,255.234613983,2.636217715,702.442880240,1,496,564,3.673005965,257.084592702,1000,230
2021122109.jpg+AF8-converted.tif:0569+AC0-0828,114177,633.568057844,229.453915328,2.710349177,626.156529951,1,515,581,1.281161695,233.562677648,1000,230
2021122110.jpg+AF8-converted.tif:0573+AC0-0841,105194,590.757907885,226.720893417,179.044708091,592.165517402,1,545,572,178.645284749,229.000000000,1000,230
2021122112.jpg+AF8-converted.tif:0561+AC0-0847,91369,541.249155197,214.937285067,1.277236192,537.059587011,1,579,559,0.853505272,217.811789022,1000,230
2021122113.jpg+AF8-converted.tif:0595+AC0-0823,76643,510.236991251,191.254064485,2.743355617,500.840293906,1,573,607,3.319436350,191.000000000,1000,230
2022011401.jpg+AF8-converted.tif:0569+AC0-0882,81199,506.765933292,204.010907208,175.904499077,504.147795790,1,631,561,176.133006530,207.816049269,1000,230
2022011402.jpg+AF8-converted.tif:0608+AC0-0920,82792,513.458394411,205.302025510,179.851903714,513.078941295,1,664,600,178.994913995,209.000000000,1000,230
2022011403.jpg+AF8-converted.tif:0527+AC0-0866,82234,514.422839274,203.536026646,173.096734467,509.816633703,1,612,505,175.161693710,206.286090708,1000,230
2022011404.jpg+AF8-converted.tif:0558+AC0-0803,73225,493.540742860,188.906320323,177.571995463,489.331176199,1,559,555,177.891904688,188.912049767,1000,230
2022011405.jpg+AF8-converted.tif:0551+AC0-0825,85803,531.371256016,205.595939600,176.565452668,527.853199289,1,562,545,176.741897006,206.796727789,1000,230
2022011406.jpg+AF8-converted.tif:0540+AC0-0886,86520,521.011441355,211.436211696,178.524092815,521.310847767,1,626,543,178.021278339,213.506735525,1000,230
2022011407.jpg+AF8-converted.tif:0477+AC0-0840,88666,559.874843463,201.639810739,0.454548919,557.032315041,1,562,482,179.382834145,203.000000000,1000,230
2022011408.jpg+AF8-converted.tif:0580+AC0-0895,85670,537.685266504,202.866692827,178.423415693,532.093976662,1,629,581,178.923138479,204.700038073,1000,230
2022011409.jpg+AF8-converted.tif:0561+AC0-0897,81119,524.891628924,196.771891449,179.413848729,529.212622676,1,633,567,178.375791178,204.928559876,1000,230
2022011410.jpg+AF8-converted.tif:0526+AC0-0947,81655,533.607083195,194.836947071,0.313660865,534.023407727,1,680,531,179.463538341,196.000000000,1000,230
2022011411.jpg+AF8-converted.tif:0581+AC0-0859,78702,517.101242006,193.785066656,0.416024338,512.035155043,1,603,575,0.671404183,193.000000000,1000,230
2022011412.jpg+AF8-converted.tif:0497+AC0-0904,116651,641.174039710,231.644852933,179.211431988,636.962322277,1,586,472,176.850107583,233.219345370,1000,230
2022011413.jpg+AF8-converted.tif:0502+AC0-0864,152819,744.951844660,261.191639945,178.979105172,741.043183627,1,494,503,0.618553885,265.273935435,1000,230
2022011414.jpg+AF8-converted.tif:0580+AC0-0892,126274,678.725381856,236.880857221,2.162384636,665.390862576,1,560,600,3.705245633,234.000000000,1000,230
2022011415.jpg+AF8-converted.tif:0557+AC0-0829,145019,711.409555589,259.546591815,0.512870703,700.182833266,1,479,555,1.309389819,265.307066110,1000,230
2022011416.jpg+AF8-converted.tif:0547+AC0-0796,124673,654.840482922,242.408033560,179.716327658,645.310003022,1,474,535,178.223955747,241.520362783,1000,230
2022011417.jpg+AF8-converted.tif:0538+AC0-0763,123535,630.593921416,249.430959952,0.051341865,626.422381465,1,450,535,177.895829978,251.954325336,1000,230
2022011418.jpg+AF8-converted.tif:0565+AC0-0795,151796,734.593388684,263.101564634,179.115467956,726.942226040,1,432,550,177.082491341,272.800370606,1000,230
2022011419.jpg+AF8-converted.tif:0548+AC0-0861,134751,689.400688958,248.868770572,179.822820190,680.294054068,1,521,537,178.315315682,252.000000000,1000,230
2022011420.jpg+AF8-converted.tif:0503+AC0-0798,151194,819.852292614,234.805929630,179.553695859,805.121729927,1,396,510,179.003652103,239.176599412,1000,230
2022011421.jpg+AF8-converted.tif:0561+AC0-0845,113238,653.125594865,220.752487271,178.231384294,660.109081895,1,515,529,178.958373324,223.916992112,1000,230
2022011422.jpg+AF8-converted.tif:0539+AC0-0934,122833,661.716843324,236.348575038,0.309930926,653.172259056,1,608,540,1.315904405,235.000000000,1000,230
2022011423.jpg+AF8-converted.tif:0560+AC0-0804,118075,665.185661133,226.008719112,179.882943921,654.076448131,1,477,558,0.876013989,227.000000000,1000,230
2022011424.jpg+AF8-converted.tif:0649+AC0-0856,143460,708.442412512,257.831747312,1.310453540,701.410721332,1,506,651,1.960858499,260.545207400,1000,230
2022011425.jpg+AF8-converted.tif:0603+AC0-0835,142427,721.463366593,251.355366100,179.666494777,711.310058976,1,480,607,178.308211432,253.000000000,1000,230
2022011426.jpg+AF8-converted.tif:0527+AC0-0835,141481,722.751152126,249.240978030,0.152647574,711.404947973,1,480,520,178.066699305,250.556089090,1000,230
2022011427.jpg+AF8-converted.tif:0560+AC0-0833,149626,727.214446239,261.971886155,1.041106283,717.011157514,1,475,541,0.319638411,265.883829933,1000,230
2022011428.jpg+AF8-converted.tif:0520+AC0-0812,151120,738.553099361,260.525560270,0.790530381,728.134602941,1,448,516,1.101706115,261.743688741,1000,230
2022011429.jpg+AF8-converted.tif:0604+AC0-0820,155269,756.835835679,261.212037739,179.153635109,734.068116730,1,453,605,0.780548160,255.169804177,1000,230
2022011430.jpg+AF8-converted.tif:0559+AC0-0920,145148,735.857282490,251.146761521,179.361362924,719.011126479,1,561,548,179.681250690,251.000000000,1000,230
2022011431.jpg+AF8-converted.tif:0576+AC0-0828,147368,711.978114798,263.540074237,178.663227084,700.686092341,1,478,570,177.464272323,263.326249692,1000,230
2022012101.jpg+AF8-converted.tif:0475+AC0-0900,77730,533.755682790,185.419870932,177.087574528,524.549330378,1,638,469,177.377598539,185.824035751,1000,230
2022012102.jpg+AF8-converted.tif:0528+AC0-0947,81752,539.961766582,192.772684481,178.180172739,531.304997153,1,682,522,178.058513609,193.865262967,1000,230
2022012103.jpg+AF8-converted.tif:0625+AC0-0911,74583,504.311676461,188.300270244,1.141962212,493.036509804,1,665,621,0.697277293,188.000000000,1000,230
2022012104.jpg+AF8-converted.tif:0562+AC0-0895,82246,525.995083035,199.087145439,178.119373644,520.216301167,1,635,559,178.347695322,200.344407795,1000,230
2022012105.tif+AF8-converted.tif:0540+AC0-0801,72937,509.245671098,182.360455758,176.601498827,498.786527484,1,552,536,176.781938716,181.111505475,1000,230
2022012106.tif+AF8-converted.tif:0588+AC0-0898,98353,559.405608090,223.857121081,178.223337063,561.257516653,1,618,581,178.264295411,227.041318818,1000,230
2022012107.tif+AF8-converted.tif:0612+AC0-0807,70958,485.498680023,186.090169413,178.416887950,479.126288154,1,568,612,178.684461758,188.905612653,1000,230
2022012108.tif+AF8-converted.tif:0553+AC0-0867,67717,470.361498016,183.305739552,178.384293806,461.313342534,1,637,536,177.888097406,183.101988886,1000,230
2022012109.tif+AF8-converted.tif:0571+AC0-0872,74481,500.336424437,189.536779454,1.315767294,500.440805690,1,622,573,2.405009259,192.000000000,1000,230
2022012110.tif+AF8-converted.tif:0534+AC0-0881,75571,501.572936277,191.836478159,179.651287262,495.025251881,1,634,539,0.578725566,193.832794859,1000,230
2022012111.tif+AF8-converted.tif:0570+AC0-0797,79958,510.976705589,199.237433731,179.286579367,504.223164878,1,545,564,178.295271681,201.000000000,1000,230
2022012112.tif+AF8-converted.tif:0563+AC0-0859,84095,540.298182375,198.174050936,1.328609147,534.093624751,1,592,563,1.072829276,197.552621386,1000,230
2022012113.tif+AF8-converted.tif:0602+AC0-0837,94388,615.208235901,195.346107440,178.894971383,606.238401951,1,534,585,178.393114084,199.831040701,1000,230
2022012114.tif+AF8-converted.tif:0573+AC0-0850,105915,628.548820081,214.550027098,179.108150586,617.065636703,1,542,582,179.164302354,216.000000000,1000,230
2022012115.tif+AF8-converted.tif:0501+AC0-0740,100170,613.167388990,208.002590298,2.251680788,607.514608878,1,437,505,2.358460276,212.797444766,1000,230
2022012116.tif+AF8-converted.tif:0606+AC0-0911,114455,690.495836235,211.049255398,0.100618839,682.011730104,1,570,606,179.663958226,217.759013487,1000,230
2022012701.jpg+AF8-converted.tif:0575+AC0-0817,103271,624.297334777,210.618744786,179.151663671,620.080639917,1,507,574,179.075954647,213.433374818,1000,230
2022012702.jpg+AF8-converted.tif:0582+AC0-0833,121683,685.931361997,225.870423931,0.610896347,678.124619816,1,494,589,1.098457042,229.723769976,1000,230
2022012703.jpg+AF8-converted.tif:0601+AC0-0819,114752,670.285062455,217.977085305,179.557971752,670.018656457,1,484,615,179.572427493,221.366990475,1000,230
2022012704.jpg+AF8-converted.tif:0570+AC0-0842,126237,684.943403186,234.661637241,179.419165928,681.088834147,1,502,562,179.074597988,236.639742016,1000,230
2022012705.jpg+AF8-converted.tif:0559+AC0-0826,97139,603.878281135,204.811499270,179.373566670,601.053242234,1,526,556,179.237372435,209.308152858,1000,230
2022012715.jpg+AF8-converted.tif:0547+AC0-0784,75398,509.663163213,188.359140160,176.617580417,503.835290546,1,533,542,176.700317604,191.024394980,1000,230
2022012716.jpg+AF8-converted.tif:0151+AC0-0539,83516,624.887660173,170.167984736,15.471596729,609.331601019,1,246,239,15.906647634,173.834546502,1000,230
2022012717.jpg+AF8-converted.tif:0589+AC0-0791,72420,499.473678607,184.610344407,1.989443066,490.449793557,1,546,594,2.454031675,184.890109880,1000,230
2022012718.jpg+AF8-converted.tif:0565+AC0-0839,79740,507.063605159,200.227585384,1.202016401,498.169649818,1,590,570,1.495333361,201.000000000,1000,230
2022012719.jpg+AF8-converted.tif:0531+AC0-0920,68466,487.254009955,178.907955376,0.157700037,478.009414133,1,681,529,0.359592221,178.847999123,1000,230
2022012726.jpg+AF8-converted.tif:0580+AC0-0944,92838,548.127478834,215.652411927,178.747551805,548.205253532,1,670,573,178.432076373,220.221698759,1000,230
2022012727.jpg+AF8-converted.tif:0594+AC0-0896,103208,568.681147574,231.075898144,0.668015753,569.021967941,1,612,596,0.503464893,232.306669727,1000,230
2022012728.jpg+AF8-converted.tif:0540+AC0-0814,82592,502.202350293,209.396472194,1.596116342,506.193638838,1,561,549,1.584854393,214.000000000,1000,230
2022012729.jpg+AF8-converted.tif:0503+AC0-0896,82625,502.784586264,209.237554726,177.194225480,502.573377727,1,645,494,177.262843695,215.027536804,1000,230
2022012730.jpg+AF8-converted.tif:0586+AC0-0884,121039,609.647225242,252.788227149,178.071591722,614.325646543,1,577,581,178.134347608,258.000000000,1000,230
2022012801.jpg+AF8-converted.tif:0605+AC0-0812,131283,654.078370084,255.557613272,2.205088400,654.047398894,1,486,621,3.243000744,262.840441259,1000,230
2022012802.jpg+AF8-converted.tif:0567+AC0-0866,91330,542.600738016,214.310374965,3.253820387,541.447135000,1,596,573,2.328674702,214.890856018,1000,230
2022012803.jpg+AF8-converted.tif:0620+AC0-0834,133155,658.260850915,257.554754082,178.851323891,663.061083159,1,503,614,179.222277006,261.000000000,1000,230
2022012804.jpg+AF8-converted.tif:0569+AC0-0834,132493,665.495053336,253.488476218,1.068278185,672.268547531,1,498,575,1.619538491,256.363879779,1000,230
2022012805.jpg+AF8-converted.tif:0536+AC0-0906,106517,653.718578753,207.461836017,1.582443918,648.173587861,1,582,543,1.326054377,210.992068432,1000,230
2022012806.jpg+AF8-converted.tif:0582+AC0-0843,120631,703.478515447,218.332409801,178.759215574,697.347115861,1,495,576,178.192125115,221.000000000,1000,230
2022012807.jpg+AF8-converted.tif:0563+AC0-0783,131100,725.121915419,230.198123606,2.118366388,719.667979001,1,424,593,2.468803606,230.571940040,1000,230
2022012808.jpg+AF8-converted.tif:0607+AC0-0881,109604,663.273637705,210.399055726,179.881931217,659.048556633,1,552,616,0.695513993,214.426575073,1000,230
2022012809.jpg+AF8-converted.tif:0613+AC0-0797,132253,728.431726180,231.167511598,0.892075808,725.068962237,1,435,607,0.790236502,237.709065877,1000,230
2022012810.jpg+AF8-converted.tif:0539+AC0-0846,145584,752.788498882,246.235571022,2.220545218,748.561954684,1,472,559,2.220248450,249.000000000,1000,230
2022012811.jpg+AF8-converted.tif:0567+AC0-0869,107718,649.470911425,211.173148585,1.806278135,645.077514722,1,547,564,0.888235495,212.632864137,1000,230
2022012812.jpg+AF8-converted.tif:0557+AC0-0853,109069,652.347007060,212.878977602,178.624154659,646.309523371,1,530,538,178.226703284,216.000000000,1000,230
2022012813.jpg+AF8-converted.tif:0523+AC0-0844,108436,651.935522871,211.777082900,0.032925771,646.027863176,1,521,532,0.532143641,214.893195805,1000,230
2022012814.jpg+AF8-converted.tif:0600+AC0-0311,176198,921.969883185,243.329272891,75.891693503,1253.010774096,1,173,1197,72.345914512,408.533374588,1000,230
2022012815.jpg+AF8-converted.tif:0541+AC0-0855,81699,507.212576591,205.086392503,1.641727253,505.395884431,1,603,542,2.267954536,205.705471907,1000,230
2022012816.jpg+AF8-converted.tif:0571+AC0-0903,89627,532.070710350,214.476456712,178.944300398,529.241910661,1,639,568,178.267574515,215.277440383,1000,230
2022020201.jpg+AF8-converted.tif:0578+AC0-0822,203387,875.164037696,295.899237321,178.748738810,867.220848458,1,389,552,176.959432726,293.650322898,1000,230
2022020202.jpg+AF8-converted.tif:0509+AC0-0758,140944,787.611082578,227.847827897,179.516973811,776.031571523,1,370,513,179.483170646,228.000000000,1000,230
2022020203.jpg+AF8-converted.tif:0551+AC0-0810,153472,771.007740780,253.443135619,179.706504804,767.041719856,1,427,552,179.402412496,255.000000000,1000,230
2022020204.jpg+AF8-converted.tif:0590+AC0-0848,139016,742.582808406,238.358155545,0.602825950,737.010854737,1,480,579,179.689035458,240.000000000,1000,230
2022020205.jpg+AF8-converted.tif:0575+AC0-0852,157531,792.236290136,253.175348339,177.772493246,790.427732307,1,457,567,178.114996507,258.654984440,1000,230
2022020206.jpg+AF8-converted.tif:0594+AC0-0899,137610,740.315401456,236.670064416,1.371210915,733.115270609,1,533,598,1.016053279,237.651854191,1000,230
2022020207.jpg+AF8-converted.tif:0635+AC0-0906,146300,762.290815765,244.362048633,179.976918199,758.005936652,1,527,627,179.773236885,247.000000000,1000,230
2022020208.jpg+AF8-converted.tif:0561+AC0-0815,138578,757.554718358,232.911214668,1.149270804,748.384927694,1,441,569,1.837736790,232.822095002,1000,230
2022020209.jpg+AF8-converted.tif:0616+AC0-0839,127309,711.156208453,227.931432327,2.114954453,703.344154735,1,488,631,1.792455052,228.896955624,1000,230
2022020210.jpg+AF8-converted.tif:0596+AC0-0898,147403,762.638138548,246.092241033,178.924690462,754.191620213,1,521,595,178.708404170,247.000000000,1000,230
2022020211.jpg+AF8-converted.tif:0605+AC0-0838,127712,714.452662427,227.597960353,177.810864146,708.441246682,1,484,600,177.977684171,227.591352723,1000,230
2022020212.jpg+AF8-converted.tif:0554+AC0-0978,112584,669.565707710,214.088623796,179.919352728,661.127824252,1,648,545,178.873299363,213.998385824,1000,230
2022020213.jpg+AF8-converted.tif:0575+AC0-0929,111477,676.326652452,209.864455606,178.221036523,670.329023689,1,594,574,178.204749866,214.000000000,1000,230
2022020214.jpg+AF8-converted.tif:0592+AC0-0920,119041,703.539318376,215.436017129,179.039567626,695.025898798,1,573,594,179.505372465,217.000000000,1000,230
2022020216.jpg+AF8-converted.tif:0616+AC0-0850,113611,683.451056014,211.652343857,179.001004024,671.167639268,1,515,612,178.719383647,213.000000000,1000,230
2022020217.jpg+AF8-converted.tif:0585+AC0-0940,113699,688.234747844,210.344019174,179.510827581,680.026470073,1,600,592,179.494462124,212.000000000,1000,230
2022020218.jpg+AF8-converted.tif:0592+AC0-0822,117749,703.161337564,213.212352762,178.473240181,696.121397459,1,474,579,178.929944637,219.049707111,1000,230
2022020219.jpg+AF8-converted.tif:0586+AC0-0878,121783,699.248991091,221.750668863,178.785111915,683.006588548,1,537,582,0.251663592,221.000000000,1000,230
2022020220.jpg+AF8-converted.tif:0579+AC0-0825,118329,685.857995705,219.668157304,0.274451590,679.006627361,1,486,594,179.746853873,223.051834150,1000,230
2022020801.jpg+AF8-converted.tif:0584+AC0-0816,178133,840.724048082,269.774583396,0.963006942,809.533816465,1,412,609,4.534412774,272.000000000,1000,230
2022020802.jpg+AF8-converted.tif:0540+AC0-0801,240571,945.565500736,323.937908350,0.558660459,925.576577059,1,339,577,3.344650318,327.000000000,1000,230
2022020803.jpg+AF8-converted.tif:0566+AC0-0815,239275,922.239559272,330.341925808,0.456272389,916.066045654,1,357,556,0.688016682,333.022447591,1000,230
2022020804.jpg+AF8-converted.tif:0556+AC0-0877,120640,677.211071048,226.817937927,179.689772224,672.011904656,1,541,558,0.341042279,228.803849353,1000,230
2022020805.jpg+AF8-converted.tif:0552+AC0-0816,134039,731.326911936,233.361787391,0.385572173,718.011141975,1,457,571,0.319193241,232.778785772,1000,230
2022020806.jpg+AF8-converted.tif:0523+AC0-0800,129693,715.113672897,230.914695850,179.508807019,706.085688851,1,447,552,179.107361782,229.177206697,1000,230
2022020807.jpg+AF8-converted.tif:0548+AC0-0902,213917,1031.789662195,263.975879649,1.096125923,995.314020799,1,405,555,1.439289628,261.039035440,1000,230
2022020808.jpg+AF8-converted.tif:0604+AC0-0921,195074,1001.538011818,247.994512459,179.251535777,962.565841904,1,440,592,178.035322654,241.975388472,1000,230
2022020809.jpg+AF8-converted.tif:0581+AC0-0867,190507,985.823691863,246.049114006,178.650785981,946.330280610,1,394,557,178.486193265,257.928086980,1000,230
2022020812.jpg+AF8-converted.tif:0556+AC0-0780,193890,995.304988475,248.032932807,179.787486165,951.231832941,1,305,548,178.734999097,240.600300914,1000,230
2022020813.jpg+AF8-converted.tif:0566+AC0-0808,201358,981.415455249,261.231843128,178.877193234,954.088570312,1,331,576,179.219288223,263.591152982,1000,230
2022020814.jpg+AF8-converted.tif:0534+AC0-0800,218453,1036.163941049,268.435319207,177.844434260,999.968499504,1,301,496,177.478092052,263.215056612,1000,230
2022020815.jpg+AF8-converted.tif:0566+AC0-0831,203524,1004.388283011,258.002616603,178.855450183,976.439450248,1,344,520,176.888522479,259.714344861,1000,230
2022020816.jpg+AF8-converted.tif:0548+AC0-0824,198997,982.995761498,257.753756026,0.830387634,951.590773389,1,349,596,3.313425400,253.174470237,1000,230
2022020817.jpg+AF8-converted.tif:0536+AC0-0769,190636,958.409763061,253.258369442,179.224100722,922.008676749,1,308,528,0.248570152,248.517124837,1000,230
2022020818.jpg+AF8-converted.tif:0568+AC0-0827,237537,1080.957891610,279.790271282,0.506831675,1046.552435380,1,304,604,1.861731222,280.433565108,1000,230
2022021101.jpg+AF8-converted.tif:0572+AC0-0770,267920,953.219736131,357.867473674,176.387637548,963.687189912,1,289,562,176.609100215,355.512175030,1000,230
2022021102.jpg+AF8-converted.tif:0600+AC0-0811,284995,951.565315433,381.336833286,1.955525167,965.747896710,1,329,626,2.255041753,385.474475358,1000,230
2022021103.jpg+AF8-converted.tif:0586+AC0-0743,275383,956.620748646,366.528246480,178.943197524,970.322111466,1,258,552,178.523631490,366.734249691,1000,230
2022021104.jpg+AF8-converted.tif:0611+AC0-0794,236746,876.436367096,343.931836440,178.397072927,891.439846540,1,349,592,178.200051589,346.290876731,1000,230
2022021105.jpg+AF8-converted.tif:0549+AC0-0800,283758,939.294290565,384.641863965,0.290209294,954.440673903,1,323,558,1.741159425,389.000000000,1000,230
2022021106.jpg+AF8-converted.tif:0561+AC0-0830,291456,953.775404096,389.078291552,0.525750036,973.115614919,1,344,570,0.883215434,389.000000000,1000,230
2022021107.jpg+AF8-converted.tif:0538+AC0-0917,284779,948.395560740,382.321363912,179.859581981,964.530974101,1,435,574,1.901236465,382.000000000,1000,230
2022021108.jpg+AF8-converted.tif:0568+AC0-0839,72879,564.706609646,164.319707253,0.464552565,547.091400042,1,566,582,1.047338168,163.889844954,1000,230
2022021109.jpg+AF8-converted.tif:0596+AC0-0837,126457,781.241979197,206.094983879,0.695900041,746.452945603,1,464,602,1.996095886,204.000000000,1000,230
2022021110.jpg+AF8-converted.tif:0572+AC0-0831,125377,693.345661789,230.238628721,178.159801490,674.667325428,1,494,551,177.451424921,227.816336894,1000,230
2022021111.jpg+AF8-converted.tif:0548+AC0-0838,107509,628.503196146,217.794771855,3.397743937,614.263786984,1,531,547,1.679199894,214.557352424,1000,230
2022021112.jpg+AF8-converted.tif:0574+AC0-0788,132690,723.066851652,233.652192470,0.105336956,711.056959744,1,433,561,179.274775701,234.482622316,1000,230
2022021119.jpg+AF8-converted.tif:0598+AC0-0814,120540,653.816369133,234.739143846,0.603664145,640.175757117,1,494,606,1.342624027,233.875988458,1000,230
2022021120.jpg+AF8-converted.tif:0569+AC0-0872,140068,727.230107127,245.232031518,0.828220161,716.136858429,1,514,573,178.879834202,246.371757559,1000,230
2022021121.jpg+AF8-converted.tif:0539+AC0-0969,117124,660.033168776,225.938506566,179.105047803,650.277633015,1,644,533,178.325677051,227.000000000,1000,230
2022021122.jpg+AF8-converted.tif:0602+AC0-0797,115512,646.400869360,227.528230952,1.111041335,632.382795465,1,481,617,1.993668325,224.000000000,1000,230
2022021123.jpg+AF8-converted.tif:0598+AC0-0788,118628,654.672777260,230.713519730,0.044388937,644.131197816,1,466,589,178.843565238,229.000000000,1000,230
2022021124.jpg+AF8-converted.tif:0582+AC0-0862,147600,725.537670746,259.021914892,0.147437308,716.252050608,1,504,589,1.520062000,259.000000000,1000,230
2022021125.jpg+AF8-converted.tif:0534+AC0-0778,140822,718.438308417,249.569290874,0.450112349,706.017705160,1,425,534,179.594229309,249.000000000,1000,230
2022021128.jpg+AF8-converted.tif:0546+AC0-0878,113179,628.085172116,229.433816990,0.393547278,624.115373949,1,566,544,178.898293885,231.534846155,1000,230
2022021129.jpg+AF8-converted.tif:0579+AC0-0792,131173,677.896350858,246.371957291,178.974037528,668.242470964,1,458,581,178.456475258,247.000000000,1000,230
2022021130.jpg+AF8-converted.tif:0583+AC0-0826,110082,634.826155008,220.786044270,177.707251039,627.581070460,1,513,568,177.534241005,221.000000000,1000,230
2022021131.jpg+AF8-converted.tif:0634+AC0-0871,136630,691.446672380,251.592387303,179.980306350,678.238895965,1,532,624,178.479230339,249.236025268,1000,230
2022021827.jpg+AF8-converted.tif:0551+AC0-0786,136210,743.997567035,233.102856881,1.218490813,737.173656610,1,418,557,1.243675023,237.901053776,1000,230
2022021828.jpg+AF8-converted.tif:0579+AC0-0891,136952,737.513793697,236.433140127,2.258805697,728.577380928,1,527,593,2.281180708,237.313776109,1000,230
2022021829.jpg+AF8-converted.tif:0633+AC0-0837,131004,715.175530111,233.228719798,3.147823023,703.821710378,1,486,660,2.768904321,232.322509221,1000,230
2022021830.jpg+AF8-converted.tif:0617+AC0-0922,135805,745.054452114,232.080079358,0.546144911,733.024556205,1,556,600,179.531013643,230.601307598,1000,230
2022021831.jpg+AF8-converted.tif:0564+AC0-0878,127935,711.300738872,229.005668424,178.861633296,708.101687613,1,524,565,179.028978069,233.000000000,1000,230
2022021832.jpg+AF8-converted.tif:0574+AC0-0764,137991,739.716744071,237.517400310,179.661555779,730.068489938,1,399,594,0.784824603,238.000000000,1000,230
2022021833.jpg+AF8-converted.tif:0561+AC0-0853,132704,725.069025923,233.031579758,179.276132476,713.157766557,1,497,549,178.794796728,232.416095851,1000,230
2022021834.jpg+AF8-converted.tif:0644+AC0-0830,121019,689.378417332,223.514651156,179.458870041,682.105563678,1,489,633,178.991967136,226.000000000,1000,230
2022021835.jpg+AF8-converted.tif:0567+AC0-0913,106636,628.124315760,216.156529346,0.873432273,625.039198771,1,601,559,0.641685900,218.947784405,1000,230
2022021836.jpg+AF8-converted.tif:0492+AC0-0865,122044,690.050601489,225.188191507,179.303765267,678.059731882,1,526,498,0.760518777,229.000000000,1000,230
2022021837.jpg+AF8-converted.tif:0567+AC0-0870,118930,675.190173990,224.272190101,178.633776305,668.060625991,1,536,574,179.228097579,226.000000000,1000,230
2022021838.jpg+AF8-converted.tif:0524+AC0-0820,141662,769.785913943,234.311458705,179.653252287,758.111469376,1,441,514,179.017451032,234.806149275,1000,230
2022021839.jpg+AF8-converted.tif:0521+AC0-0815,138019,735.664997262,238.874011104,1.280310917,725.033792316,1,453,511,179.446816559,240.292836280,1000,230
2022021840.jpg+AF8-converted.tif:0518+AC0-0888,130158,732.727062286,226.171955689,1.137762943,724.099440685,1,526,510,0.949566856,225.741621318,1000,230
2022021841.jpg+AF8-converted.tif:0580+AC0-0822,124428,692.591069213,228.744864199,178.625037430,687.046577751,1,479,582,179.332830394,232.000000000,1000,230
2022021842.jpg+AF8-converted.tif:0588+AC0-0812,139870,738.254352497,241.228533932,0.245539625,733.272800532,1,446,595,1.562934990,243.723825605,1000,230
2022021843.jpg+AF8-converted.tif:0567+AC0-0768,143733,749.031226972,244.324312383,177.439273072,737.423894378,1,400,574,178.057197463,248.000000000,1000,230
2022030419.tif+AF8-converted.tif:0541+AC0-0906,116515,594.382213328,249.589409354,177.783609154,602.698100213,1,605,530,177.242036381,253.915856423,1000,230
2022030420.tif+AF8-converted.tif:0515+AC0-0799,119503,618.854794741,245.866957172,179.387581811,622.028938234,1,488,516,0.552675265,251.000000000,1000,230
2022030421.tif+AF8-converted.tif:0504+AC0-0863,121016,617.506189279,249.523582793,178.172205522,619.291530703,1,554,490,178.241877030,252.000000000,1000,230
2022030422.tif+AF8-converted.tif:0565+AC0-0810,118536,590.931493422,255.401386379,0.939577348,587.143934653,1,517,568,1.268694029,261.612285271,1000,230
2022030423.tif+AF8-converted.tif:0601+AC0-0779,121863,615.739143350,251.991110710,1.138419974,622.260395654,1,468,600,1.657614595,257.972953009,1000,230
2022030424.tif+AF8-converted.tif:0608+AC0-0806,124336,639.504570515,247.550243318,0.618428034,644.003105583,1,484,610,0.177936631,251.000000000,1000,230
2022030425.tif+AF8-converted.tif:0533+AC0-0828,121377,597.312421425,258.728917528,0.478713872,601.029949337,1,528,528,179.428014548,262.000000000,1000,230
2022030426.tif+AF8-converted.tif:0533+AC0-0831,109728,588.401908008,237.439795594,177.894353901,598.241589995,1,532,533,178.371628780,242.479997752,1000,230
2022030427.tif+AF8-converted.tif:0582+AC0-0808,129505,617.237662155,267.143269685,179.793363257,622.039387820,1,497,578,179.355219412,272.812646238,1000,230
2022030428.tif+AF8-converted.tif:0570+AC0-0835,113242,601.007606832,239.904105848,1.213161936,604.211883365,1,533,578,1.517414125,246.250183907,1000,230
2022030801.jpg+AF8-converted.tif:0593+AC0-0778,175647,801.425128843,279.053773416,0.991031836,803.179930028,1,377,591,1.212805445,284.000000000,1000,230
2022030802.tif+AF8-converted.tif:0545+AC0-0782,172972,794.604555159,277.162758635,179.315679672,804.248717748,1,380,532,178.575025727,284.000000000,1000,230
2022030803.tif+AF8-converted.tif:0646+AC0-0726,177834,804.953290592,281.289962840,179.552112623,807.061955490,1,323,633,179.290051460,285.000000000,1000,230
2022030804.tif+AF8-converted.tif:0592+AC0-0793,180779,796.869940679,288.848857144,1.080999161,805.121729927,1,391,612,0.996347897,294.287457905,1000,230
2022030805.tif+AF8-converted.tif:0625+AC0-0777,168212,787.488602364,271.971136669,0.962806794,784.499840663,1,385,623,2.045408489,277.000000000,1000,230
2022030806.tif+AF8-converted.tif:0481+AC0-0698,130964,626.781952938,266.039159161,0.622204513,614.039086704,1,392,490,4.670654302,262.000000000,1000,230
2022030807.tif+AF8-converted.tif:0601+AC0-0853,129641,674.331510768,244.781750790,174.204099844,674.252919905,1,519,566,172.843363467,244.181944291,1000,230
2022030808.tif+AF8-converted.tif:0551+AC0-0738,109874,596.366037972,234.580631409,177.085218024,600.470648741,1,439,494,175.989164095,232.493351554,1000,230
2022030809.tif+AF8-converted.tif:0552+AC0-0815,143124,707.692404773,257.500483786,2.903785173,708.864585094,1,461,565,2.830114547,257.428415346,1000,230
2022030810.tif+AF8-converted.tif:0529+AC0-0788,73748,483.619732351,194.158475480,179.181464654,475.151554770,1,551,523,178.552835496,193.576699475,1000,230
2022030811.tif+AF8-converted.tif:0576+AC0-0743,51482,403.951589213,162.269242138,176.005922246,395.669053629,1,546,569,176.667552856,162.005771756,1000,230
2022030812.tif+AF8-converted.tif:0515+AC0-0926,65254,464.105337618,179.019646011,1.814082449,458.213923839,1,697,520,1.750854187,180.000000000,1000,230
2022030813.tif+AF8-converted.tif:0584+AC0-0929,69977,483.006099463,184.464510326,178.468568145,479.126288154,1,690,579,178.684461758,186.741652349,1000,230
2022030814.tif+AF8-converted.tif:0545+AC0-0832,67015,480.486778281,177.582718084,0.182041725,474.016877337,1,595,553,0.483497211,180.000000000,1000,230
2022030815.tif+AF8-converted.tif:0516+AC0-0829,81688,532.587367842,195.288882558,179.590615730,522.095776654,1,568,514,178.902513947,196.000000000,1000,230
2022030816.tif+AF8-converted.tif:0557+AC0-0848,68339,486.020831390,179.029193047,1.069905909,474.067505742,1,611,558,0.966925572,177.044400733,1000,230
2022030817.tif+AF8-converted.tif:0640+AC0-0856,67390,463.283427921,185.207602406,176.195020983,461.243970150,1,626,626,178.136369665,187.336236305,1000,230
2022030818.tif+AF8-converted.tif:0608+AC0-0789,81659,516.507539853,201.297096288,0.478861128,513.062374376,1,533,602,0.893429015,202.661462171,1000,230
2022031101.tif+AF8-converted.tif:0566+AC0-0831,67614,471.656511417,182.524393269,179.694396094,462.069258878,1,600,566,179.007964434,183.839271109,1000,230
2022031102.tif+AF8-converted.tif:0557+AC0-0873,74270,492.954469298,191.830091575,0.549330943,485.124726230,1,631,562,1.299269155,193.000000000,1000,230
2022031103.tif+AF8-converted.tif:0576+AC0-0857,72666,511.205149707,180.986488127,179.246619931,502.195181180,1,606,566,178.402523803,183.000000000,1000,230
2022031104.tif+AF8-converted.tif:0563+AC0-0829,83494,539.047001603,197.214458539,179.918954768,533.033770037,1,563,546,179.355046610,200.000000000,1000,230
2022031105.tif+AF8-converted.tif:0529+AC0-0813,69924,475.292372557,187.316285862,0.245103771,474.009493576,1,576,526,179.637373326,192.674166158,1000,230
2022031106.tif+AF8-converted.tif:0573+AC0-0854,76741,514.897772401,189.765194452,179.009766249,505.167299021,1,602,574,178.525384816,190.000000000,1000,230
2022031107.tif+AF8-converted.tif:0516+AC0-0791,136265,673.323871653,257.673897908,0.099296142,666.108099335,1,458,520,1.032244692,256.000000000,1000,230
2022031108.tif+AF8-converted.tif:0548+AC0-0803,140484,666.865335299,268.224744539,0.418612796,663.108588393,1,472,547,178.963085535,269.690729293,1000,230
2022031109.tif+AF8-converted.tif:0538+AC0-0783,137187,673.624287562,259.301685893,0.252998341,671.011922398,1,448,534,179.658449473,261.000000000,1000,230
2022031110.tif+AF8-converted.tif:0514+AC0-0805,141660,690.938524770,261.046543855,177.505541564,690.047099842,1,461,495,176.843198729,261.950246200,1000,230
2022031111.tif+AF8-converted.tif:0578+AC0-0795,158783,735.697984038,274.798625276,178.756564275,729.428543450,1,431,567,178.035893879,273.119087944,1000,230
2022031112.tif+AF8-converted.tif:0561+AC0-0799,333426,1041.991486659,407.422876173,0.289735099,1059.271919764,1,270,565,1.298265685,407.000000000,1000,230
2022031501.jpg+AF8-converted.tif:0569+AC0-0781,60897,453.315580915,171.043025698,176.628003191,446.592655560,1,558,558,177.047900012,170.446765883,1000,230
2022031502.jpg+AF8-converted.tif:0546+AC0-0781,60212,452.111076207,169.569611324,179.713503458,439.072886888,1,562,543,178.956001123,166.898397575,1000,230
2022031503.jpg+AF8-converted.tif:0571+AC0-0825,62893,457.224527390,175.139017900,177.507407164,449.321711027,1,601,565,177.831707750,174.530767142,1000,230
2022031504.jpg+AF8-converted.tif:0587+AC0-0827,69025,484.144239516,181.527223505,179.067854306,474.105473497,1,590,584,178.791407568,183.000000000,1000,230
2022031505.jpg+AF8-converted.tif:0554+AC0-0866,61440,446.793855240,175.087093771,179.160718843,439.041000363,1,647,550,179.216962930,175.545784763,1000,230
2022031506.jpg+AF8-converted.tif:0583+AC0-0817,63737,458.358881148,177.050063172,178.234429723,450.187738616,1,592,587,178.345248824,180.000000000,1000,230
2022031507.jpg+AF8-converted.tif:0565+AC0-0838,65340,462.536497287,179.863583395,178.498134389,458.157178270,1,609,555,178.499143913,180.389942639,1000,230
2022031508.jpg+AF8-converted.tif:0572+AC0-0888,64417,474.863073685,172.719835039,179.494334941,465.009677319,1,656,574,179.630354938,173.000000000,1000,230
2022031509.jpg+AF8-converted.tif:0508+AC0-0812,72298,506.771781581,181.645221678,178.514738119,495.197940222,1,565,507,178.379945185,182.456487004,1000,230
2022031510.jpg+AF8-converted.tif:0589+AC0-0824,58920,441.251748450,170.014678105,178.943441422,429.167799351,1,610,584,178.397738654,168.593964144,1000,230
2022031516.jpg+AF8-converted.tif:0580+AC0-0806,321320,958.407745398,426.871895056,2.095711778,986.369606182,1,313,600,1.568559384,438.000000000,1000,230
2022031517.jpg+AF8-converted.tif:0592+AC0-0817,303030,971.927523614,396.973817354,1.377889092,988.518082789,1,323,608,1.855085253,394.981316758,1000,230
2022031518.jpg+AF8-converted.tif:0549+AC0-0852,315324,964.372230865,416.315374245,178.633756270,984.220503749,1,361,522,177.146316035,418.153544836,1000,230
2022031519.jpg+AF8-converted.tif:0619+AC0-0868,136889,714.485910878,243.941112604,177.594244542,703.138677645,1,517,597,176.738809566,248.057411143,1000,230
2022031520.jpg+AF8-converted.tif:0621+AC0-0871,136902,714.521424698,243.952153327,177.600363832,704.137060522,1,520,598,176.743438537,248.124612126,1000,230
2022031521.jpg+AF8-converted.tif:0580+AC0-0798,135080,699.947461448,245.717296191,177.713602770,686.059035361,1,455,580,179.248349223,246.000000000,1000,230
2022031522.jpg+AF8-converted.tif:0532+AC0-0839,119184,653.886444033,232.073601287,0.089862530,639.132224192,1,520,537,1.165481061,232.000000000,1000,230
2022031523.jpg+AF8-converted.tif:0597+AC0-0819,119320,661.348434297,229.716945863,178.975647315,650.406795782,1,494,587,177.973456389,230.000000000,1000,230
2022031524.jpg+AF8-converted.tif:0523+AC0-0737,112389,667.794220492,214.284752401,0.912056825,650.173053886,1,412,533,1.321975660,210.687510983,1000,230
2022031525.jpg+AF8-converted.tif:0516+AC0-0789,130605,693.162064840,239.902699780,177.506173443,683.231293194,1,448,500,176.559672880,242.000000000,1000,230
2022031526.jpg+AF8-converted.tif:0557+AC0-0780,128098,676.511113297,241.089075990,175.109391792,670.343195684,1,446,528,175.207965953,249.000000000,1000,230
2022031527.jpg+AF8-converted.tif:0546+AC0-0756,116246,665.076962411,222.544175310,0.041467499,650.003076916,1,431,545,0.176294150,221.000000000,1000,230
2022031528.jpg+AF8-converted.tif:0529+AC0-0775,108281,636.039111175,216.759706630,179.429005839,626.179686671,1,462,523,178.627360600,216.594887849,1000,230
2022031529.jpg+AF8-converted.tif:0561+AC0-0777,88352,568.472290240,197.886972132,0.999770060,556.151957652,1,499,566,1.339405479,198.000000000,1000,230
2022031530.jpg+AF8-converted.tif:0601+AC0-0701,125209,680.713728878,234.196907442,0.339952812,667.036730623,1,368,617,179.398717042,229.000000000,1000,230
2022031531.jpg+AF8-converted.tif:0585+AC0-0844,144197,723.762560911,253.670654643,0.962801326,715.202069348,1,487,572,178.637979340,256.402524882,1000,230
2022031532.jpg+AF8-converted.tif:0542+AC0-0809,135421,703.070855830,245.243236806,179.606585413,694.087170318,1,462,537,179.091929678,248.229084614,1000,230
2022031533.jpg+AF8-converted.tif:0573+AC0-0888,112155,644.444778295,221.586373184,179.677399239,629.229687793,1,574,581,1.548157699,221.149318327,1000,230
2022031534.jpg+AF8-converted.tif:0540+AC0-0815,117427,659.842316281,226.588529306,179.634297308,642.094229845,1,494,542,0.981607337,222.000000000,1000,230
2022031535.jpg+AF8-converted.tif:0591+AC0-0817,104181,619.603002539,214.084451603,176.965933696,611.945258990,1,512,573,176.814976282,215.000000000,1000,230
2022031536.jpg+AF8-converted.tif:0589+AC0-0793,136392,701.231551574,247.649563965,179.513180002,690.209388519,1,448,584,178.588650377,249.000000000,1000,230
2022031537.jpg+AF8-converted.tif:0581+AC0-0797,101907,621.085689956,208.911627467,177.106547959,606.515457346,1,494,562,177.637652281,209.638822892,1000,230
2022031538.jpg+AF8-converted.tif:0601+AC0-0769,129392,699.335783451,235.576407029,179.969068077,685.164213893,1,427,601,178.745548377,236.000000000,1000,230
2022031539.jpg+AF8-converted.tif:0602+AC0-0772,142589,730.455525132,248.543473487,0.139654881,717.117842478,1,414,599,1.038721800,248.000000000,1000,230
2022031540.jpg+AF8-converted.tif:0564+AC0-0822,109145,639.416808001,217.335122210,179.924513514,624.064900471,1,510,556,0.826324140,218.000000000,1000,230
2022031541.jpg+AF8-converted.tif:0536+AC0-0858,135221,697.129080648,246.968214722,179.553467590,686.291483263,1,515,529,178.330042150,250.811934380,1000,230
2022031542.jpg+AF8-converted.tif:0523+AC0-0778,112533,625.572472589,229.040553998,178.566959111,614.782075210,1,471,513,177.109670588,227.000000000,1000,230
2022031543.jpg+AF8-converted.tif:0536+AC0-0760,133754,686.698600174,247.999460059,178.330695971,679.662416204,1,421,519,177.470167569,250.000000000,1000,230
2022031544.jpg+AF8-converted.tif:0576+AC0-0817,121533,666.328487816,232.228734655,0.163399059,652.092784809,1,491,581,0.966554888,229.999683718,1000,230
2022031545.jpg+AF8-converted.tif:0529+AC0-0825,143406,703.191485373,259.659273399,1.215726146,694.692018091,1,478,539,2.557621408,262.013336835,1000,230
2022031546.jpg+AF8-converted.tif:0504+AC0-0842,104152,621.469071695,213.382211767,179.023592483,608.161162851,1,538,498,178.680922384,213.505031828,1000,230
2022031547.jpg+AF8-converted.tif:0550+AC0-0793,129995,702.275253876,235.683620780,0.747829475,688.104643205,1,449,551,0.999243670,236.911102773,1000,230
2022031801.jpg+AF8-converted.tif:0551+AC0-0852,75862,503.828953417,191.712877332,178.565638038,496.145140055,1,604,542,178.614082149,191.255223218,1000,230
2022031802.jpg+AF8-converted.tif:0591+AC0-0843,77831,504.483598018,196.433555810,178.449486175,502.048802409,1,592,594,179.201106644,197.948617157,1000,230
2022031803.jpg+AF8-converted.tif:0566+AC0-0774,185819,781.259292583,302.834284609,0.045720226,784.124990037,1,382,585,1.023030189,305.956819270,1000,230
2022031804.jpg+AF8-converted.tif:0601+AC0-0801,182572,778.250128521,298.693031510,2.350513386,783.726993283,1,410,653,3.804348849,298.411453828,1000,230
2022031805.jpg+AF8-converted.tif:0592+AC0-0806,187636,786.839262916,303.626911462,179.089437543,795.181740233,1,409,575,178.774993923,306.087785694,1000,230
2022031806.jpg+AF8-converted.tif:0572+AC0-0810,78762,505.449454490,198.403405388,178.269234837,498.081318662,1,561,566,178.964646813,199.206751766,1000,230
2022031807.jpg+AF8-converted.tif:0574+AC0-0885,80591,503.822657660,203.666203950,177.938474583,499.196354153,1,636,581,178.392924759,202.469058917,1000,230
2022031808.jpg+AF8-converted.tif:0576+AC0-0830,74091,472.039895123,199.846648734,178.970766511,469.086345996,1,596,582,178.900642361,199.118895358,1000,230
2022031810.jpg+AF8-converted.tif:0568+AC0-0911,82392,519.079885809,202.097510302,179.504965540,523.077432126,1,650,562,179.014127870,204.282313687,1000,230
2022031811.jpg+AF8-converted.tif:0558+AC0-0809,81868,499.355668142,208.744151110,1.118245380,495.081811421,1,562,557,1.041626676,207.000000000,1000,230
2022031812.jpg+AF8-converted.tif:0567+AC0-0870,74230,485.012592403,194.866221797,178.987981510,480.009374908,1,630,559,179.641906041,197.000000000,1000,230
2022031813.jpg+AF8-converted.tif:0535+AC0-0873,69493,446.698863028,198.078040948,178.629606153,443.190703874,1,652,535,178.319116397,197.000000000,1000,230
2022031814.jpg+AF8-converted.tif:0544+AC0-0769,173012,805.050809408,273.629586530,177.525181153,809.200222442,1,365,517,178.725396914,275.978295958,1000,230
2022031815.jpg+AF8-converted.tif:0653+AC0-0737,204792,855.801302674,304.684360763,0.743376180,851.058752378,1,312,666,0.673244918,305.578458619,1000,230
2022031816.jpg+AF8-converted.tif:0611+AC0-0675,196198,835.644575564,298.939357118,178.155597687,834.575940224,1,258,599,177.871280767,302.875376705,1000,230
2022031817.jpg+AF8-converted.tif:0620+AC0-0668,161430,769.257319217,267.191555507,0.528118992,764.128261485,1,286,629,1.049805167,266.000000000,1000,230
2022031818.jpg+AF8-converted.tif:0552+AC0-0735,185648,818.592031567,288.757239120,1.411354290,815.245361839,1,328,565,1.405749261,289.000000000,1000,230
2022031819.jpg+AF8-converted.tif:0610+AC0-0694,193907,827.786397808,298.253342957,178.785096038,821.155892629,1,284,597,178.883536613,299.000000000,1000,230
2022031820.jpg+AF8-converted.tif:0546+AC0-0627,212937,871.528675999,311.085356574,177.766332255,869.207685194,1,193,531,178.747472507,311.897263117,1000,230
2022031821.jpg+AF8-converted.tif:0575+AC0-0594,205813,870.846582601,300.913221291,179.444869056,865.130048027,1,162,572,0.993468856,302.000000000,1000,230
2022031822.jpg+AF8-converted.tif:0634+AC0-0837,192267,954.856096078,256.375749763,178.614135592,958.415358808,1,359,625,175.931420323,267.971335054,1000,230
2022031823.jpg+AF8-converted.tif:0565+AC0-0604,163799,793.521613031,262.822537866,0.324963234,781.016004958,1,214,579,0.366805357,259.000000000,1000,230
2022031824.jpg+AF8-converted.tif:0579+AC0-0768,189738,833.246411451,289.928551049,177.686480259,833.614419261,1,352,567,177.800043414,290.156391256,1000,230
2022031825.jpg+AF8-converted.tif:0516+AC0-0790,203717,863.514678794,300.377685180,178.534371506,873.741952753,1,354,524,177.638625342,300.795704907,1000,230
2022032401.jpg+AF8-converted.tif:0609+AC0-0797,106440,623.582593448,217.330660871,178.732316071,610.361368371,1,492,607,178.028301028,218.856975813,1000,230
2022032402.jpg+AF8-converted.tif:0610+AC0-0834,139384,716.522011741,247.681463787,178.440993536,706.023370718,1,482,601,176.914702429,250.000000000,1000,230
2022032403.tif+AF8-converted.tif:0590+AC0-0789,118132,671.071236431,224.134675625,0.439797506,657.061640944,1,461,601,0.784824603,225.219502228,1000,230
2022032404.tif+AF8-converted.tif:0593+AC0-0867,127812,687.318214008,236.768485652,179.657278600,676.073960451,1,529,580,179.152491114,237.913268881,1000,230
2022032405.tif+AF8-converted.tif:0567+AC0-0831,135254,707.375579984,243.450221150,179.231119052,698.315831125,1,482,561,178.276721301,245.892661842,1000,230
2022032406.tif+AF8-converted.tif:0599+AC0-0787,119803,665.670825464,229.149170044,179.824437100,654.149829932,1,460,621,1.226327860,227.000000000,1000,230
2022032407.tif+AF8-converted.tif:0530+AC0-0844,134681,720.794621016,237.905736426,179.026027374,711.310058976,1,489,525,178.308211432,239.000000000,1000,230
2022032408.tif+AF8-converted.tif:0582+AC0-0873,103934,635.201325766,208.332183002,179.343064570,618.051777766,1,564,582,179.258348486,208.000000000,1000,230
2022032409.tif+AF8-converted.tif:0622+AC0-0802,137300,714.730561399,244.589778209,0.338934714,706.057363109,1,449,614,179.269640106,246.000000000,1000,230
2022032410.tif+AF8-converted.tif:0525+AC0-0827,114847,659.351672853,221.775037533,178.313460475,649.308093281,1,503,517,178.234895144,221.000000000,1000,230
2022032411.tif+AF8-converted.tif:0581+AC0-0798,102212,632.961250241,205.605572690,1.215976514,617.292475250,1,490,586,1.763818316,204.000000000,1000,230
2022032412.tif+AF8-converted.tif:0508+AC0-0832,133796,714.179081008,238.531710964,0.200698652,702.086177047,1,481,515,0.897723646,241.000000000,1000,230
2022032413.tif+AF8-converted.tif:0547+AC0-0848,106232,639.718359578,211.434893639,178.765984336,623.097103187,1,537,540,178.988462131,211.055791450,1000,230
2022032414.tif+AF8-converted.tif:0536+AC0-0861,121996,701.107232946,221.549749026,179.379417309,682.026392451,1,520,551,0.504055437,219.034244326,1000,230
2022032415.tif+AF8-converted.tif:0586+AC0-0898,135210,718.894275603,239.471539399,178.658524251,706.159330463,1,545,574,178.782850697,237.649956022,1000,230
2022032416.tif+AF8-converted.tif:0596+AC0-0789,138609,750.839053981,235.046990591,178.369932445,728.099581101,1,426,577,176.850725298,234.619896518,1000,230
2022032417.tif+AF8-converted.tif:0543+AC0-0870,150365,766.645482273,249.725157939,179.161086382,752.066486423,1,494,547,179.238132944,249.000000000,1000,230
2022032418.tif+AF8-converted.tif:0546+AC0-0779,116388,660.044859021,224.514746395,179.563392731,649.150983978,1,455,533,178.764227232,224.000000000,1000,230
2022032419.tif+AF8-converted.tif:0572+AC0-0874,141394,740.333122847,243.172197262,1.516318256,726.465415557,1,511,585,2.051038417,242.851434569,1000,230
2022032420.tif+AF8-converted.tif:0616+AC0-0834,136295,710.618137925,244.204551627,178.443804733,700.206398143,1,484,610,178.608804533,246.018706857,1000,230
2022032421.tif+AF8-converted.tif:0578+AC0-0837,127153,699.272685114,231.520880592,179.005379861,683.322764146,1,496,583,178.238898347,231.143571767,1000,230
2022032422.tif+AF8-converted.tif:0570+AC0-0818,109408,633.646577313,219.842727946,179.393688809,625.012799869,1,506,563,179.633312018,224.700676138,1000,230
2022032423.tif+AF8-converted.tif:0584+AC0-0792,141490,722.513361164,249.338867442,179.908681799,711.045005608,1,437,585,0.644651047,250.000000000,1000,230
2022032424.tif+AF8-converted.tif:0555+AC0-0831,137965,721.407067180,243.499823860,179.600079351,712.070221256,1,475,543,0.804663098,245.000000000,1000,230
2022032425.tif+AF8-converted.tif:0567+AC0-0830,149346,771.089435230,246.603343737,179.219320258,752.023935789,1,454,548,179.542862523,244.998449943,1000,230
2022032426.tif+AF8-converted.tif:0556+AC0-0867,118193,668.087790590,225.251836107,0.325002487,652.276781742,1,541,564,1.669189899,224.000000000,1000,230
2022032427.tif+AF8-converted.tif:0608+AC0-0843,133660,704.323451012,241.623642241,179.647147040,692.260789009,1,497,611,1.572754879,243.000000000,1000,230
2022032428.tif+AF8-converted.tif:0576+AC0-0915,118052,666.895596412,225.385315998,179.409227998,650.307619516,1,590,572,178.237608976,225.536534479,1000,230
2022032429.tif+AF8-converted.tif:0551+AC0-0793,135388,702.225944161,245.478477285,178.828921932,692.607392395,1,447,546,177.600280462,247.000000000,1000,230
2022040825.jpg+AF8-converted.tif:0510+AC0-0802,149605,741.621208009,256.846756852,178.496257506,749.216257165,1,428,499,178.623330365,257.000000000,500,115
2022040826.jpg+AF8-converted.tif:0572+AC0-0790,175357,833.561421046,267.852447593,178.097859834,825.196340273,1,378,554,178.750108570,270.000000000,500,115
2022040827.jpg+AF8-converted.tif:0635+AC0-0800,186131,731.791725295,323.848086155,174.933276621,792.530756501,1,404,551,177.902985329,398.910409555,500,115
2022040828.jpg+AF8-converted.tif:0507+AC0-0706,187337,814.058912320,293.006897882,178.366939025,812.354602375,1,300,496,178.307021562,294.000000000,500,115
2022040829.jpg+AF8-converted.tif:0553+AC0-0799,191323,845.834021925,287.999776674,0.837445911,836.468768096,1,381,550,1.918280325,292.000000000,500,115
2022040830.jpg+AF8-converted.tif:0586+AC0-0811,163558,818.434788671,254.447289314,1.583247723,799.050686753,1,412,586,179.354643043,254.076886603,500,115
2022040831.jpg+AF8-converted.tif:0508+AC0-0737,154033,776.111979403,252.696662336,179.381541051,766.031983666,1,354,509,179.476423900,250.000000000,500,115
2022040832.jpg+AF8-converted.tif:0538+AC0-0703,159471,797.716824709,254.532406926,177.706942590,792.305496636,1,307,531,178.408859729,256.411230314,500,115
2022040833.jpg+AF8-converted.tif:0532+AC0-0668,207909,882.257308760,300.046208604,174.618584303,879.720978493,1,229,507,176.415540293,303.392225834,500,115
2022040834.jpg+AF8-converted.tif:0583+AC0-0796,172829,808.806091689,272.071043404,178.610034148,811.104185663,1,391,575,179.081650619,273.954949184,500,115
2022040835.jpg+AF8-converted.tif:0540+AC0-0697,159342,770.728376182,263.232212290,179.731190406,772.002590669,1,311,533,179.851565670,265.348683404,500,115
2022040836.jpg+AF8-converted.tif:0619+AC0-0745,201665,857.997954648,299.263945092,179.716262355,856.114478326,1,317,614,179.063003034,316.622600824,500,115
2022040837.jpg+AF8-converted.tif:0589+AC0-0798,202311,880.684451032,292.488830969,1.698655753,887.352241221,1,355,602,1.614448000,294.447677867,500,115
2022040838.jpg+AF8-converted.tif:0611+AC0-0795,177215,807.181390121,279.537101179,179.941907266,811.061649938,1,390,601,0.706447300,281.611896505,500,115
2022040839.jpg+AF8-converted.tif:0560+AC0-0864,211948,886.584343423,304.382292592,179.750765362,880.056816348,1,424,548,0.651060380,304.276229348,500,115
2022040840.jpg+AF8-converted.tif:0631+AC0-0835,182728,830.954415716,279.987098125,0.568831468,825.087268112,1,423,641,0.833334390,277.619143864,500,115
2022042108.tif+AF8-converted.tif:0551+AC0-0794,260861,894.829288950,371.175312409,1.616099755,909.563081925,1,340,585,2.016180539,374.870597526,1000,230
2022042109.tif+AF8-converted.tif:0498+AC0-0857,268658,951.713054713,359.421348605,0.453080759,959.052136226,1,378,524,0.597431731,367.000000000,1000,230
2022042110.tif+AF8-converted.tif:0588+AC0-0815,292623,959.265773634,388.400363632,177.679771316,976.373391690,1,327,583,178.415377464,400.609032165,1000,230
2022042111.tif+AF8-converted.tif:0642+AC0-0771,224037,838.999876838,339.991429986,3.152735696,852.600727187,1,345,648,2.150943128,368.382280281,1000,230
2022042715.tif+AF8-converted.tif:0546+AC0-0841,109121,650.935334307,213.442357541,0.302390561,637.028256830,1,523,546,179.460338287,213.000000000,1000,230
2022042716.tif+AF8-converted.tif:0575+AC0-0699,105995,638.557589137,211.346678577,178.993253133,622.157536320,1,388,566,178.710602096,208.514883952,1000,230
2022042717.tif+AF8-converted.tif:0551+AC0-0785,144287,750.009215144,244.946209302,1.835156183,733.883505742,1,419,557,2.811721711,245.406429944,1000,230
2022042719.tif+AF8-converted.tif:0538+AC0-0878,142845,741.541399935,245.267361719,1.149445627,728.659728543,1,514,542,2.438319750,246.825326556,1000,230
2022042720.tif+AF8-converted.tif:0661+AC0-0766,114772,640.123688776,228.287519413,2.583987464,642.411861659,1,445,690,2.051775040,230.000000000,1000,230
2022042721.tif+AF8-converted.tif:0660+AC0-0749,107417,657.736102610,207.936848280,1.281102676,640.153106686,1,429,670,1.253145319,205.000000000,1000,230
2022042722.tif+AF8-converted.tif:0510+AC0-0748,135524,716.790810416,240.732042813,1.609308861,706.478591325,1,395,522,2.109089737,242.931143367,1000,230
2022042723.tif+AF8-converted.tif:0546+AC0-0911,151169,770.317717885,249.863587802,0.521237601,756.214255354,1,533,544,1.363927532,249.000000000,1000,230
2022042724.tif+AF8-converted.tif:0571+AC0-0839,149334,764.126990513,248.830307703,179.053450437,750.005999976,1,464,565,179.770818104,249.000000000,1000,230
2022042725.tif+AF8-converted.tif:0623+AC0-0645,105350,623.130646389,215.261096233,179.581124888,612.029411058,1,339,623,179.438294667,216.000000000,1000,230
2022042726.tif+AF8-converted.tif:0534+AC0-0677,114161,601.547924236,241.633781466,0.110780372,603.477422941,1,376,546,177.720773979,240.084481121,1000,230
2022042727.tif+AF8-converted.tif:0618+AC0-0885,101347,628.043202687,205.461993042,2.406303368,611.360777283,1,580,626,1.968474509,204.231350132,1000,230
2022042728.tif+AF8-converted.tif:0522+AC0-0764,119669,679.641287738,224.187826472,179.696779559,677.124803858,1,426,524,178.899920820,223.799954110,1000,230
2022042729.tif+AF8-converted.tif:0546+AC0-0909,114059,665.258708525,218.297674832,176.366426066,648.789642334,1,585,540,177.172875422,218.992118655,1000,230
2022042731.tif+AF8-converted.tif:0488+AC0-0898,107558,640.090202420,213.949687770,178.056899179,626.258732474,1,585,478,178.352971339,212.647577503,1000,230
2022042732.tif+AF8-converted.tif:0540+AC0-0768,113595,656.514782983,220.305238866,178.162652522,642.281091112,1,447,536,178.304825312,219.112559912,1000,230
2022042733.tif+AF8-converted.tif:0567+AC0-0839,134221,714.145517223,239.300647855,177.787508101,700.559776179,1,489,552,177.709389957,242.527457969,1000,230
2022042734.tif+AF8-converted.tif:0573+AC0-0746,135839,716.287322609,241.461186116,179.124772841,702.728966245,1,395,558,177.390033329,242.992496015,1000,230
2022042735.tif+AF8-converted.tif:0735+AC0-0798,131349,701.387933163,238.439717957,1.330607258,690.018115704,1,453,740,179.584820459,238.000000000,1000,230
2022042736.tif+AF8-converted.tif:0758+AC0-0920,128291,707.797133244,230.779649651,179.805184789,692.122099055,1,574,751,178.923760796,228.990920486,1000,230
2022042737.tif+AF8-converted.tif:0561+AC0-0800,126052,693.703511390,231.358769932,179.162348458,679.165664621,1,461,562,178.734466974,233.368754112,1000,230
2022042738.tif+AF8-converted.tif:0630+AC0-0692,127990,713.054759143,228.540553500,178.882746308,699.160925682,1,343,626,178.770665514,228.036879232,1000,230
2022042739.tif+AF8-converted.tif:0657+AC0-0947,142355,736.709500896,246.029154192,2.072030653,729.888347626,1,583,675,2.827124578,248.020591653,1000,230
2022042740.tif+AF8-converted.tif:0601+AC0-0858,138689,735.701785747,240.021599296,0.920170458,724.024861452,1,496,608,0.474816032,241.000000000,1000,230
2022042741.tif+AF8-converted.tif:0518+AC0-0814,131095,697.056128530,239.457529007,0.350941921,691.261166275,1,469,526,1.575029789,245.121635507,1000,230
2022042742.tif+AF8-converted.tif:0620+AC0-0793,134355,709.148611569,241.227432787,0.250257407,698.315831125,1,444,620,1.723278699,249.000000000,1000,230
2022042743.tif+AF8-converted.tif:0598+AC0-0765,128020,699.089389961,233.160635618,177.574406001,690.122452902,1,420,584,178.920641999,236.176656485,1000,230
2022042744.tif+AF8-converted.tif:0597+AC0-0965,138761,721.834638892,244.759648468,2.424467993,709.304589017,1,611,618,3.475559209,245.676516357,1000,230
2022042745.tif+AF8-converted.tif:0559+AC0-0919,119657,684.868171123,222.454525744,2.205716008,668.395840801,1,585,570,1.971979859,219.918945738,1000,230
2022042746.tif+AF8-converted.tif:0622+AC0-0869,118483,657.473823155,229.449805705,1.155692761,644.027949704,1,547,626,179.466203834,229.000000000,1000,230
2022042747.tif+AF8-converted.tif:0488+AC0-0775,138947,725.184885591,243.955463686,177.411219711,716.226221246,1,417,468,178.559906638,246.886029910,1000,230
2022042748.tif+AF8-converted.tif:0572+AC0-0951,114434,676.090892877,215.506369923,176.960494970,658.984066575,1,622,552,176.868398639,215.316672684,1000,230
2022042749.tif+AF8-converted.tif:0585+AC0-0901,128076,710.493241950,229.518619324,178.823264173,692.011560597,1,555,577,179.668814212,229.943814080,1000,230
2022042750.tif+AF8-converted.tif:0626+AC0-0867,134661,722.424586679,237.333714128,0.265048738,706.057363109,1,514,630,179.269640106,237.218694991,1000,230
2022042751.tif+AF8-converted.tif:0547+AC0-0850,138422,721.614424264,244.236199188,178.021059114,710.281634283,1,495,546,178.386461067,248.443091142,1000,230
2022042752.tif+AF8-converted.tif:0557+AC0-0680,113597,664.092251477,217.795332262,179.857702902,648.037807539,1,356,547,179.381088184,216.961531686,1000,230
2022042754.tif+AF8-converted.tif:0584+AC0-0959,121638,669.625272252,231.285045771,175.631187128,659.298111631,1,631,562,175.214707304,232.920520503,1000,230
2022042755.tif+AF8-converted.tif:0527+AC0-0789,131831,713.208374458,235.348389662,179.465367600,697.484766859,1,441,523,177.863701752,234.054279355,1000,230
2022042756.tif+AF8-converted.tif:0501+AC0-0914,107919,642.732204350,213.785364260,177.061817080,627.624887971,1,601,486,177.443035645,213.226755429,1000,230
2022042760.tif+AF8-converted.tif:0544+AC0-0810,135250,731.222763119,235.503675639,174.954246712,724.400441745,1,451,486,171.265864559,235.824873013,1000,230
2022042762.tif+AF8-converted.tif:0570+AC0-0903,145629,752.500264430,246.406028576,178.745388473,743.043067392,1,532,566,179.383111004,247.279676031,1000,230
2022042801.tif+AF8-converted.tif:0561+AC0-0852,128171,706.169386285,231.095242668,1.414309864,701.377216625,1,502,596,1.879215915,234.706799636,1000,230
2022042802.tif+AF8-converted.tif:0545+AC0-0856,141731,752.260179364,239.887101385,1.071943213,744.010752610,1,484,547,179.691961143,243.438434708,1000,230
2022042803.tif+AF8-converted.tif:0559+AC0-0807,136373,732.076850324,237.182061361,1.632469069,725.275809606,1,445,572,1.580172473,241.528770305,1000,230
2022042804.tif+AF8-converted.tif:0542+AC0-0823,128719,714.503604943,229.376198839,178.950551824,705.516831833,1,471,524,177.806765424,231.000000000,1000,230
2022042805.tif+AF8-converted.tif:0447+AC0-0929,139134,739.157541439,239.665972253,177.606825209,731.273546629,1,564,458,178.432790984,240.942042216,1000,230
2022042806.tif+AF8-converted.tif:0523+AC0-0816,135889,712.035837318,242.992331884,179.715714063,707.101831422,1,463,514,179.027604893,246.673662590,1000,230
2022042807.tif+AF8-converted.tif:0517+AC0-0868,132102,710.749156424,236.648174420,178.442564854,692.694016143,1,522,509,177.434996481,236.000000000,1000,230
2022042808.tif+AF8-converted.tif:0590+AC0-0863,108771,643.200222936,215.316372075,178.514493414,631.095872273,1,548,592,179.001284085,215.916764972,1000,230
2022042809.tif+AF8-converted.tif:0583+AC0-0766,106455,636.605837526,212.914660446,1.998727937,623.205423596,1,455,584,1.471157305,209.509888974,1000,230
2022042811.tif+AF8-converted.tif:0554+AC0-0940,97567,597.689681002,207.843914007,176.557150434,582.310054868,1,649,559,178.130183298,206.661191010,1000,230
2022042812.tif+AF8-converted.tif:0552+AC0-0942,119603,672.082968398,226.584032671,176.793889327,659.303420285,1,613,537,178.261663180,227.921610239,1000,230
2022042813.tif+AF8-converted.tif:0550+AC0-0826,107723,631.784443552,217.094904563,175.904494213,621.225401928,1,516,533,176.400652963,215.594389341,1000,230
2022042814.tif+AF8-converted.tif:0644+AC0-0808,104624,607.659779321,219.220390524,179.543965729,596.242400371,1,510,634,178.366167403,218.000000000,1000,230
2022042815.tif+AF8-converted.tif:0598+AC0-0871,90956,568.753595832,203.618538642,2.204144998,560.357029045,1,591,615,2.045408489,203.548172203,1000,230
2022042816.tif+AF8-converted.tif:0486+AC0-0723,116771,660.370539866,225.142470632,178.985410761,650.339142294,1,398,477,178.149549231,224.780247674,1000,230
2022042817.tif+AF8-converted.tif:0583+AC0-0810,118501,673.106789767,224.154861583,0.620514741,657.194796084,1,482,588,1.395055261,223.478169423,1000,230
2022042818.tif+AF8-converted.tif:0570+AC0-0716,124400,693.694456837,228.329631013,0.857892750,674.074179894,1,379,572,179.149976619,229.180318023,1000,230
2022042820.tif+AF8-converted.tif:0651+AC0-0990,118730,679.811256017,222.373092249,0.719930252,676.036241632,1,652,643,179.406721712,234.394017625,1000,230
2022042821.tif+AF8-converted.tif:0503+AC0-0753,130237,697.654347607,237.686325838,179.109240956,687.142634393,1,410,500,178.832562005,240.667040534,1000,230
2022042823.tif+AF8-converted.tif:0535+AC0-0767,143952,747.077158708,245.336611898,175.778270736,733.742461631,1,401,508,177.422258048,247.152038381,1000,230
2022042824.tif+AF8-converted.tif:0590+AC0-0833,131145,720.666162019,231.700902435,176.696097406,703.518301112,1,482,568,177.800531900,228.747143468,1000,230
2022042825.tif+AF8-converted.tif:0552+AC0-0869,106364,611.222719275,221.567109117,176.889987496,599.654066942,1,570,547,177.323681345,223.000000000,1000,230
2022042826.tif+AF8-converted.tif:0552+AC0-0958,118868,655.630255182,230.842669336,177.451520909,645.651608842,1,636,543,177.425644452,232.566102371,1000,230
2022042827.tif+AF8-converted.tif:0453+AC0-0830,132251,717.175356210,234.792232573,0.291087154,703.409553532,1,479,453,1.955284291,237.000000000,1000,230
2022042828.tif+AF8-converted.tif:0492+AC0-0833,136903,719.019769084,242.427706285,178.690136543,707.679305901,1,480,475,177.489346252,246.304568295,1000,230
2022042829.tif+AF8-converted.tif:0568+AC0-0774,97599,609.029016214,204.041027633,178.683195301,599.441406645,1,475,554,177.801075351,204.983908538,1000,230
2022042830.tif+AF8-converted.tif:0591+AC0-0853,143709,735.552924051,248.759777511,177.785270833,724.706837280,1,491,571,177.469236982,251.871806768,1000,230
2022042901.tif+AF8-converted.tif:0744+AC0-0787,108129,571.583996947,240.864194008,177.586746071,581.495485795,1,497,731,177.634565626,252.927027457,1000,230
2022042902.tif+AF8-converted.tif:0520+AC0-0943,100105,521.295256883,244.501830667,176.334238764,534.147919588,1,677,501,176.243006870,257.494129165,1000,230
2022042903.tif+AF8-converted.tif:0546+AC0-0850,106740,562.395555830,241.654806117,3.231090810,566.551851113,1,567,565,2.529088453,248.419019655,1000,230
2022042904.tif+AF8-converted.tif:0645+AC0-0743,112405,563.702998378,253.889887827,1.635215013,572.422920575,1,457,670,2.202598162,268.369248471,1000,230
2022042905.tif+AF8-converted.tif:0471+AC0-0954,108112,551.206367918,249.729469165,179.192388534,561.321654669,1,674,460,178.060242667,261.065528605,1000,230
2022042906.tif+AF8-converted.tif:0430+AC0-0724,134195,723.141228552,236.278024208,179.780030777,715.279665585,1,367,439,178.397738654,238.903145245,1000,230
2022042907.tif+AF8-converted.tif:0552+AC0-0802,144804,743.472929230,247.985060097,179.126952390,731.134050636,1,437,546,178.902814143,253.000000000,1000,230
2022042908.tif+AF8-converted.tif:0641+AC0-0794,129930,702.048205137,235.641958539,177.554151698,691.382672621,1,449,643,178.093608410,238.534648661,1000,230
2022042909.tif+AF8-converted.tif:0557+AC0-0958,139951,733.133116572,243.054287819,179.410278594,731.115585937,1,593,546,178.981167407,250.478551157,1000,230
2022042910.tif+AF8-converted.tif:0532+AC0-0822,124342,695.246319407,227.713757056,179.308673897,689.142220445,1,478,536,178.835949860,228.000000000,1000,230
2022042911.tif+AF8-converted.tif:0529+AC0-0915,147011,739.864748211,252.992481617,0.175949994,732.535323380,1,549,551,2.190573864,257.934262093,1000,230
2022042912.tif+AF8-converted.tif:0621+AC0-0755,145108,755.028742975,244.702265412,1.558256377,745.131532013,1,383,591,178.923427502,247.000000000,1000,230
2022042913.tif+AF8-converted.tif:0589+AC0-0871,148083,770.758995481,244.622680512,178.431153686,757.319615486,1,493,582,178.335333617,245.893978766,1000,230
2022042914.tif+AF8-converted.tif:0532+AC0-0925,141546,750.468736668,240.145865901,175.918363463,733.665455095,1,561,484,172.874983651,241.012082488,1000,230
2022042915.tif+AF8-converted.tif:0592+AC0-0766,82927,551.503112880,191.451205370,178.292823561,549.263142765,1,492,600,178.226380486,194.817379170,1000,230
2022042916.tif+AF8-converted.tif:0588+AC0-0892,89262,572.818843861,198.408117087,176.414449719,560.650515027,1,612,569,177.239662502,196.787369541,1000,230
2022042917.tif+AF8-converted.tif:0520+AC0-0821,105830,634.673466984,212.309081802,176.819896879,618.233774555,1,512,508,178.424299867,211.232185760,1000,230
2022042918.tif+AF8-converted.tif:0458+AC0-0789,100707,594.705636254,215.609415844,178.675034513,587.068990835,1,496,445,0.878401388,217.054186783,1000,230
2022042920.tif+AF8-converted.tif:0553+AC0-0880,117912,666.143999197,225.372023736,1.392192210,653.337585020,1,554,548,1.841955333,224.944745615,1000,230
2022042921.tif+AF8-converted.tif:0439+AC0-0866,112021,653.632631438,218.210597484,178.244960479,638.132431396,1,547,426,178.832692671,229.366279657,1000,230
2022042922.tif+AF8-converted.tif:0679+AC0-0822,110834,656.158102166,215.067422372,0.828316420,629.762653704,1,510,748,7.756970956,227.896074122,1000,230
2022050201.tif+AF8-converted.tif:0405+AC0-1029,115377,677.201060811,216.926061481,0.340771803,668.036675640,1,695,401,0.600382900,220.983284031,1000,230
2022050202.tif+AF8-converted.tif:0475+AC0-0929,101105,604.926333645,212.804232533,178.275370613,591.711078145,1,634,463,177.190785203,211.254435378,1000,230
2022050203.tif+AF8-converted.tif:0437+AC0-0911,88674,564.307259535,200.074058028,179.030492805,553.014466357,1,635,444,179.585571209,203.000000000,1000,230
2022050204.tif+AF8-converted.tif:0507+AC0-0947,96520,581.869903968,211.203707255,179.947749486,572.087405909,1,661,503,1.001572436,210.000000000,1000,230
2022050205.tif+AF8-converted.tif:0625+AC0-0807,97138,618.942515261,199.824603815,178.399126286,607.600197498,1,504,616,177.453102165,201.754611889,1000,230
2022050206.tif+AF8-converted.tif:0432+AC0-0926,96938,594.099246154,207.751980475,179.455347524,583.103764351,1,635,435,178.919075813,210.000000000,1000,230
2022050207.tif+AF8-converted.tif:0439+AC0-0769,102934,615.322069902,212.993561760,177.509470572,603.696943839,1,468,425,177.246603074,214.447095861,1000,230
2022050208.tif+AF8-converted.tif:0563+AC0-0771,117255,678.852100721,219.920808464,0.612484899,665.075183720,1,439,565,0.861525735,220.000000000,1000,230
2022050209.tif+AF8-converted.tif:0471+AC0-0969,97612,615.609045155,201.886992108,178.013479976,602.299759256,1,668,461,178.192261530,204.775036588,1000,230
2022050210.tif+AF8-converted.tif:0581+AC0-0851,98057,616.378377748,202.554233804,179.835328031,604.013244888,1,549,578,179.620563299,207.499265790,1000,230
2022050211.tif+AF8-converted.tif:0591+AC0-0754,91003,588.582316134,196.860515706,177.861634453,578.498055312,1,465,574,177.622302340,200.159985061,1000,230
2022050212.tif+AF8-converted.tif:0401+AC0-0928,86595,569.655377107,193.548911864,177.761844508,557.395730159,1,650,391,177.840858603,192.907671603,1000,230
2022050213.tif+AF8-converted.tif:0513+AC0-0815,107838,644.917554320,212.901021387,177.980662055,634.757433986,1,498,481,177.200700791,214.000000000,1000,230
2022050214.tif+AF8-converted.tif:0476+AC0-0738,87017,565.188046656,196.029420862,177.991813428,553.478093514,1,462,465,177.618365543,196.182145219,1000,230
2022050215.tif+AF8-converted.tif:0643+AC0-0694,80946,554.464137948,185.879737091,177.698873895,542.406674000,1,423,637,177.781162689,186.467240375,1000,230
2022050216.tif+AF8-converted.tif:0601+AC0-0771,112353,642.281594627,222.725178125,179.173505595,633.078984014,1,455,603,179.094928692,227.000000000,1000,230
2022050217.tif+AF8-converted.tif:0480+AC0-0942,78954,549.760886161,182.856506429,0.786054411,540.156458815,1,672,489,1.379076462,185.000000000,1000,230
2022050218.tif+AF8-converted.tif:0632+AC0-0875,108629,636.294229951,217.369154072,177.553486359,623.721893154,1,564,611,177.243103296,216.689284703,1000,230
2022050219.tif+AF8-converted.tif:0520+AC0-0872,99767,620.601386689,204.684185991,179.961351774,605.066938446,1,570,523,0.852271046,204.000000000,1000,230
2022050220.tif+AF8-converted.tif:0520+AC0-0897,95720,605.715695082,201.207414983,1.420942341,593.068292863,1,601,523,0.869515056,203.000000000,1000,230
2022050221.tif+AF8-converted.tif:0556+AC0-0863,81659,558.117673265,186.289510195,179.441926260,543.132580499,1,592,551,178.734001000,188.000000000,1000,230
2022050222.tif+AF8-converted.tif:0522+AC0-0683,89609,565.129952757,201.889356258,0.800603226,554.436651025,1,406,534,2.274088769,207.000000000,1000,230
2022050237.tif+AF8-converted.tif:0642+AC0-0991,129872,697.344457235,237.125518728,179.697107884,693.018037283,1,645,660,179.586617710,241.139926367,1000,230
2022050238.tif+AF8-converted.tif:0513+AC0-0847,126330,672.681171211,239.115287554,0.608248201,663.301590530,1,516,508,178.272144506,239.000000000,1000,230
2022050239.tif+AF8-converted.tif:0612+AC0-0739,141870,717.273771536,251.834796391,178.398394643,707.119508994,1,386,601,178.946589525,252.347107080,1000,230
2022050240.tif+AF8-converted.tif:0596+AC0-0867,140046,718.830364477,248.058671550,178.965940854,704.517565430,1,515,589,177.803653082,247.348981693,1000,230
2022050241.tif+AF8-converted.tif:0595+AC0-0816,119281,661.645447230,229.538776049,177.512476986,648.482073769,1,492,583,177.790610422,227.446057766,1000,230
2022050242.tif+AF8-converted.tif:0664+AC0-0843,133401,696.534985763,243.851970079,179.092982165,685.011678733,1,501,658,0.334570092,245.383235199,1000,230
2022050243.tif+AF8-converted.tif:0551+AC0-0857,113638,645.498394962,224.149891795,179.467769788,634.078859449,1,540,547,179.096356012,224.977044330,1000,230
2022050244.tif+AF8-converted.tif:0539+AC0-0919,140754,718.955929050,249.269185549,176.883243809,707.076374941,1,566,513,176.838149257,250.667416063,1000,230
2022050245.tif+AF8-converted.tif:0558+AC0-0861,126685,684.869701533,235.519765824,178.429771213,674.392319055,1,524,548,178.045561183,237.000000000,1000,230
2022050246.tif+AF8-converted.tif:0532+AC0-0935,119086,660.696165554,229.492787047,179.041677647,649.173320462,1,611,528,178.675988123,235.192595391,1000,230
2022050247.tif+AF8-converted.tif:0536+AC0-0734,141955,705.065368704,256.348882807,0.570990562,696.287297026,1,386,537,1.645977498,257.000000000,1000,230
2022050248.tif+AF8-converted.tif:0461+AC0-0990,97708,583.426549392,213.232821795,0.448836161,573.461419801,1,704,485,2.298596630,213.377272423,1000,230
2022050249.tif+AF8-converted.tif:0389+AC0-0737,133024,701.727196542,241.363621124,179.523285423,688.262304648,1,393,389,1.581894170,239.213284276,1000,230
2022050251.tif+AF8-converted.tif:0513+AC0-0728,134824,687.525731876,249.682652475,178.736243829,684.026315283,1,386,508,179.497418333,251.000000000,1000,230
2022050252.tif+AF8-converted.tif:0464+AC0-0777,117769,650.024963754,230.680598908,179.254399274,640.049998047,1,457,461,179.283840055,229.981481757,1000,230
2022050253.tif+AF8-converted.tif:0566+AC0-0828,110529,637.763893769,220.661431315,178.884705368,626.156529951,1,515,551,178.718838305,220.087809044,1000,230
2022050254.tif+AF8-converted.tif:0466+AC0-0823,129866,686.157767958,240.980331985,1.794747197,676.244038791,1,486,490,3.475917560,241.765528403,1000,230
2022050255.tif+AF8-converted.tif:0533+AC0-0810,117759,663.365363113,226.022376032,178.871210628,654.027522357,1,483,530,179.474365394,225.000000000,1000,230
2022050256.tif+AF8-converted.tif:0532+AC0-0889,103439,588.380013572,223.839393300,0.061567251,577.346516401,1,601,523,178.014805896,223.000000000,1000,230
2022050329.tif+AF8-converted.tif:0631+AC0-0813,132741,618.676319016,273.181767611,1.620466069,624.423734334,1,501,633,2.110908065,277.836598463,1000,230
2022050330.tif+AF8-converted.tif:0536+AC0-0762,103821,551.905443768,239.513859243,0.131726222,556.072836956,1,484,530,0.927368677,243.000000000,1000,230
2022050331.tif+AF8-converted.tif:0588+AC0-0781,131363,660.253440855,253.321763986,0.693461276,665.147352096,1,449,587,1.206048779,256.000000000,1000,230
2022050332.tif+AF8-converted.tif:0614+AC0-0815,156856,707.550908082,282.262745687,0.543229939,719.200945494,1,456,617,1.354446185,298.080671239,1000,230
2022050333.tif+AF8-converted.tif:0583+AC0-1006,105528,555.517702893,241.868840501,0.068577411,562.003558708,1,725,587,179.796101290,247.000000000,1000,230
2022050334.tif+AF8-converted.tif:0547+AC0-0901,97728,544.437611303,228.549886423,178.554462423,541.033270696,1,631,561,179.364583025,238.244411541,1000,230
2022050335.tif+AF8-converted.tif:0526+AC0-0898,130906,708.358869041,235.296970403,179.285787888,700.017856915,1,548,525,179.590751392,238.055236989,1000,230
2022050336.tif+AF8-converted.tif:0547+AC0-0879,102545,618.293820329,211.168775786,179.755671538,610.081961707,1,574,547,179.060809054,213.921985538,1000,230
2022050337.tif+AF8-converted.tif:0546+AC0-0924,143058,735.196215610,247.753047313,179.654590326,726.199008537,1,561,567,1.341391581,247.336344953,1000,230
2022050338.tif+AF8-converted.tif:0548+AC0-0855,116785,667.745970176,222.682407492,178.032729500,657.514258401,1,527,542,177.733769657,224.000725162,1000,230
2022050339.tif+AF8-converted.tif:0548+AC0-0802,122615,687.789279879,226.985606413,179.204504215,673.036403176,1,466,554,0.595922726,225.000000000,1000,230
2022050340.tif+AF8-converted.tif:0577+AC0-0890,127910,735.495764782,221.428970723,178.856974238,718.011141975,1,531,590,179.680806759,219.000000000,1000,230
2022050341.tif+AF8-converted.tif:0533+AC0-0884,139177,727.654416157,243.529972722,0.892130383,712.070221256,1,528,539,179.195336902,243.102673659,1000,230
2022050342.tif+AF8-converted.tif:0578+AC0-0795,140544,690.847326460,259.024203643,179.110904072,683.211533860,1,454,579,178.574191534,257.781034509,1000,230
2022050343.tif+AF8-converted.tif:0537+AC0-0879,143303,735.575656094,248.049327037,0.589750385,718.044566862,1,520,545,179.361633329,247.244193613,1000,230
2022050344.tif+AF8-converted.tif:0623+AC0-0829,112041,648.962975197,219.819985552,0.198433126,637.094969373,1,511,625,0.989310736,220.260835442,1000,230
2022050345.tif+AF8-converted.tif:0629+AC0-0778,137431,702.916859844,248.937810243,0.555727126,694.087170318,1,431,635,0.908070322,249.000000000,1000,230
2022050346.tif+AF8-converted.tif:0579+AC0-0885,135615,705.098888376,244.888176263,0.515146066,695.046041640,1,538,585,179.340509362,245.000000000,1000,230
2022050347.tif+AF8-converted.tif:0623+AC0-0853,144161,707.227283256,259.536771777,179.613714134,699.045778186,1,504,640,0.655717059,259.971465552,1000,230
2022050348.tif+AF8-converted.tif:0505+AC0-0875,115280,655.544392473,223.904065693,0.965287649,642.343366121,1,554,518,1.873493014,222.000000000,1000,230
2022050349.tif+AF8-converted.tif:0592+AC0-0859,136436,690.857191691,251.449521862,179.994333662,681.237843928,1,519,588,178.485926639,254.000000000,1000,230
2022050350.tif+AF8-converted.tif:0580+AC0-0822,138198,702.527792619,250.465761571,0.037619984,693.184679577,1,476,583,1.322611305,253.000000000,1000,230
2022050351.tif+AF8-converted.tif:0564+AC0-0817,141109,714.601601382,251.420593755,0.288262702,705.085810381,1,465,558,0.893904166,252.000000000,1000,230
2022050352.tif+AF8-converted.tif:0548+AC0-0787,139505,697.543791263,254.641048939,2.029383446,688.290636287,1,443,557,1.665106058,257.152971789,1000,230
2022050353.tif+AF8-converted.tif:0592+AC0-0883,131161,687.519768353,242.901192975,179.689573676,686.035713356,1,540,579,179.415369479,243.439742991,1000,230
2022050354.tif+AF8-converted.tif:0518+AC0-0781,117141,700.073173625,213.047091545,179.596335818,684.059207964,1,439,499,179.246151667,213.094011776,1000,230
2022050355.tif+AF8-converted.tif:0541+AC0-0808,139356,711.555053004,249.360283856,0.622980414,703.057607881,1,457,541,0.733476311,249.247122441,1000,230
2022050356.tif+AF8-converted.tif:0579+AC0-0921,144051,768.866807307,238.547727533,179.023638777,754.519714786,1,544,584,177.873282512,235.975001458,1000,230
2022050357.tif+AF8-converted.tif:0526+AC0-0839,120123,658.518223448,232.256828113,1.539207432,645.895502384,1,517,547,3.017449867,230.000000000,1000,230
2022050401.jpg+AF8-converted.tif:0710+AC0-0846,152669,739.202100968,262.964902021,0.492690655,730.197918376,1,481,713,178.665955846,269.022202999,1000,230
2022050402.tif+AF8-converted.tif:0736+AC0-0846,118207,672.308508035,223.864230581,0.656716146,661.127824252,1,516,739,1.126700637,225.000000000,1000,230
2022050403.tif+AF8-converted.tif:0596+AC0-0896,146326,712.366931760,261.533826623,179.541844703,705.006382950,1,544,599,179.756189644,260.836388262,1000,230
2022050404.tif+AF8-converted.tif:0608+AC0-0909,139142,716.978692880,247.093949225,1.605012403,711.551122548,1,554,629,2.255208510,252.565214402,1000,230
2022050405.tif+AF8-converted.tif:0556+AC0-0776,150677,752.126400329,255.074033830,177.649040843,744.243239808,1,404,540,176.687788125,256.963478728,1000,230
2022050406.tif+AF8-converted.tif:0620+AC0-0823,149577,735.272146013,259.016137651,179.574960992,720.136098248,1,463,623,178.886055773,259.000000000,1000,230
2022050407.tif+AF8-converted.tif:0650+AC0-0827,156361,754.566754403,263.840153694,178.386243278,744.419908385,1,455,642,178.075462708,265.000000000,1000,230
2022050408.tif+AF8-converted.tif:0543+AC0-0840,126113,691.017462001,232.370479091,178.626288736,675.106658240,1,503,529,178.981515652,229.509192998,1000,230
2022050409.tif+AF8-converted.tif:0596+AC0-0710,117886,664.547004115,225.863808040,177.989885241,654.149829932,1,383,586,178.773672140,225.095333077,1000,230
2022050410.tif+AF8-converted.tif:0518+AC0-0807,137428,703.660595469,248.669266520,176.892144951,696.655582049,1,459,500,176.049155208,253.129920619,1000,230
2022050411.tif+AF8-converted.tif:0543+AC0-0908,149426,725.560423034,262.218122946,177.513874379,716.854936511,1,550,532,177.201456292,264.081709555,1000,230
2022050412.tif+AF8-converted.tif:0543+AC0-0908,149426,725.560423034,262.218122946,177.513874379,716.854936511,1,550,532,177.201456292,264.081709555,1000,230
2022050413.tif+AF8-converted.tif:0412+AC0-0825,127496,703.449218664,230.767118206,0.745652836,689.035557863,1,481,426,0.582085135,227.720025441,1000,230
2022050414.tif+AF8-converted.tif:0447+AC0-0908,149747,742.880321084,256.654802522,1.533339495,732.393336944,1,542,450,1.877877447,257.833815389,1000,230
2022050415.tif+AF8-converted.tif:0698+AC0-0867,120226,668.775619673,228.890666768,179.777817322,660.128017887,1,537,704,1.128407318,230.000000000,1000,230
2022050416.tif+AF8-converted.tif:0556+AC0-0871,145999,739.353125141,251.424784681,178.812856084,726.154942144,1,508,545,178.816371307,252.949439983,1000,230
2022050417.tif+AF8-converted.tif:0543+AC0-1013,150141,729.871076847,261.916747423,1.523968811,719.756903406,1,654,542,2.627864734,263.627202244,1000,230
2022050418.tif+AF8-converted.tif:0579+AC0-0793,130601,682.899467454,243.500494153,178.140076239,677.357365059,1,455,572,178.138753726,246.371244336,1000,230
2022050419.tif+AF8-converted.tif:0943+AC0-0608,147419,727.238810584,258.099124680,178.656412690,716.011173097,1,250,942,179.679915176,257.248156580,1000,230
2022050420.tif+AF8-converted.tif:0680+AC0-1020,143896,732.374788502,250.164369945,1.020938172,719.434500146,1,661,689,1.991401470,252.214972575,1000,230
2022050422.tif+AF8-converted.tif:0526+AC0-0775,115897,664.343127014,222.121126141,1.836863174,655.305272373,1,448,534,1.748946045,221.055793262,1000,230
2022050423.tif+AF8-converted.tif:0595+AC0-0754,118983,660.541450018,229.348000413,178.794110686,651.092927315,1,429,595,179.031960671,229.286629915,1000,230
2022050424.tif+AF8-converted.tif:0538+AC0-0834,119009,661.748729923,228.979608313,1.152800026,650.173053886,1,509,539,1.321975660,228.000000000,1000,230
2022050425.tif+AF8-converted.tif:0409+AC0-0870,117573,668.698943891,223.865454493,179.385899450,658.061547274,1,541,405,179.216367991,225.000000000,1000,230
2022050426.tif+AF8-converted.tif:0531+AC0-0887,117614,657.745792389,227.672753741,179.531167359,643.174937323,1,566,520,178.663637883,225.000000000,1000,230
2022050427.tif+AF8-converted.tif:0621+AC0-0920,113556,632.766393206,228.495051720,178.678432906,624.039261585,1,608,618,179.357285843,231.000000000,1000,230
2022050428.tif+AF8-converted.tif:0564+AC0-0863,99501,557.417653790,227.277710132,175.637763376,565.084949366,1,581,546,176.448964566,232.452564022,1000,230
2022050429.tif+AF8-converted.tif:0560+AC0-0875,150694,691.028336053,277.658020582,179.638373872,698.045843767,1,526,557,0.656656400,281.322522998,1000,230
2022050430.tif+AF8-converted.tif:0623+AC0-0803,114959,590.316408997,247.952356723,177.356644503,592.864234037,1,507,612,176.905941941,252.000000000,1000,230
2022050431.tif+AF8-converted.tif:0647+AC0-0813,99770,556.507639807,228.264807689,178.182215258,554.436651025,1,536,646,177.725911231,230.000000000,1000,230
2022050432.tif+AF8-converted.tif:0497+AC0-0903,111522,597.902207925,237.487366037,176.515886839,597.610240876,1,605,490,177.410498153,238.417817265,1000,230
2022050433.tif+AF8-converted.tif:0522+AC0-0847,112276,579.170540190,246.825819348,177.938556195,584.670847572,1,555,512,177.255044106,249.403041316,1000,230
2022050434.tif+AF8-converted.tif:0558+AC0-0940,132814,671.014617043,252.012448909,178.330099069,675.239957348,1,603,567,178.472474558,262.793251452,1000,230
2022050435.tif+AF8-converted.tif:0559+AC0-0838,105517,572.081115743,234.841551914,0.211825177,574.125421837,1,551,568,1.197646715,235.928443496,1000,230
2022050436.tif+AF8-converted.tif:0678+AC0-0864,100507,567.142907117,225.638873936,0.862359935,568.106504099,1,580,690,1.109462677,228.000000000,1000,230
2022050437.tif+AF8-converted.tif:0642+AC0-0621,93509,555.701257262,214.250651825,177.043094645,550.480699026,1,346,633,177.605389891,211.304101867,1000,230
2022050438.tif+AF8-converted.tif:0545+AC0-0869,94291,559.950603552,214.402894025,178.191867068,552.177507691,1,593,528,178.547157631,213.896495035,1000,230
2022050439.tif+AF8-converted.tif:0571+AC0-0852,119756,616.787776738,247.213191749,0.425778693,618.097888688,1,543,578,1.019720112,249.000000000,1000,230
2022050440.tif+AF8-converted.tif:0540+AC0-0938,108857,574.061669623,241.439281623,178.786501831,582.123698195,1,647,538,178.818811087,246.000000000,1000,230
2022050441.tif+AF8-converted.tif:0482+AC0-0863,128362,648.754659140,251.922004935,178.497099434,659.334512975,1,534,483,178.174803730,263.108947771,1000,230
2022050442.tif+AF8-converted.tif:0539+AC0-0933,89661,523.920942809,217.895337813,3.489404039,523.309659762,1,672,551,1.971160828,218.856188474,1000,230
2022050443.tif+AF8-converted.tif:0739+AC0-0744,100862,626.626064641,204.941182960,179.615147856,615.117062030,1,437,731,178.882175418,206.006902398,1000,230
2022050444.tif+AF8-converted.tif:0570+AC0-0919,105751,630.904982418,213.417802756,1.196625669,621.206084967,1,609,584,1.475893239,214.153591844,1000,230
2022050445.tif+AF8-converted.tif:0499+AC0-0869,107596,640.028770001,214.045818683,179.604356156,632.133688392,1,553,489,178.821613750,215.740717239,1000,230
2022050446.tif+AF8-converted.tif:0444+AC0-0907,108559,667.825374739,206.972686222,178.998294429,656.171471492,1,579,442,178.690111349,210.348048095,1000,230
2022050447.tif+AF8-converted.tif:0559+AC0-0817,101059,621.608015705,206.999124690,179.743944563,614.039900984,1,510,567,0.653180915,209.352539915,1000,230
2022050448.tif+AF8-converted.tif:0562+AC0-0878,103504,626.019170532,210.513338955,179.279947580,618.080900854,1,569,560,179.072964730,211.930217244,1000,230
2022050449.tif+AF8-converted.tif:0547+AC0-0882,110489,641.977457166,219.133806784,177.878502495,637.490392084,1,564,533,177.752496492,224.546039085,1000,230
2022050450.tif+AF8-converted.tif:0599+AC0-0852,103430,618.543870977,212.905134609,179.165473287,607.052715998,1,549,604,179.244909886,212.228408662,1000,230
2022050451.tif+AF8-converted.tif:0449+AC0-0796,103750,625.130219128,211.313737081,176.628873716,614.115624292,1,490,432,176.545880917,212.849538946,1000,230
2022050452.tif+AF8-converted.tif:0541+AC0-0672,310488,981.004045993,402.980600723,179.225838120,994.012575373,1,175,542,179.711794284,403.000000000,1000,230
2022050453.tif+AF8-converted.tif:0436+AC0-0606,315777,982.551971497,409.199488049,178.794862449,1001.103890713,1,106,434,177.309078612,409.103611703,1000,230
2022050454.tif+AF8-converted.tif:0439+AC0-0902,202179,783.633963543,328.498138022,179.771544975,790.091133984,1,507,434,0.870248711,331.000000000,1000,230
2022050455.tif+AF8-converted.tif:0495+AC0-0827,278000,921.465114626,384.128045455,179.367724940,941.416485940,1,357,476,178.295633790,383.667100067,1000,230
2022050501.tif+AF8-converted.tif:0515+AC0-0850,143240,727.450011208,250.709780161,177.531607000,721.366758314,1,490,507,178.172876291,251.893597669,1000,230
2022050502.tif+AF8-converted.tif:0492+AC0-0871,133474,688.785746772,246.730388645,176.987502659,673.189423565,1,535,478,176.593556245,245.659986016,1000,230
2022050503.tif+AF8-converted.tif:0579+AC0-0940,123569,698.710415611,225.176172830,179.244302706,685.386022618,1,598,574,178.076922573,226.000000000,1000,230
2022050505.tif+AF8-converted.tif:0534+AC0-0808,139980,727.111205706,245.118037067,178.172397337,718.668908469,1,449,514,177.527762212,246.868469244,1000,230
2022050506.tif+AF8-converted.tif:0493+AC0-0911,155936,755.527474387,262.788433748,178.626049092,747.323892298,1,538,478,178.313061718,265.000000000,1000,230
2022050507.tif+AF8-converted.tif:0523+AC0-0885,147820,739.103498555,254.646703568,178.301160542,727.842015825,1,522,510,177.243734347,255.051568878,1000,230
2022050508.tif+AF8-converted.tif:0621+AC0-0920,121545,664.071272226,233.041101065,178.629762628,650.339142294,1,595,615,178.149549231,233.000000000,1000,230
2022050509.tif+AF8-converted.tif:0502+AC0-0923,119206,677.237701972,224.113029632,0.557717200,664.108424883,1,591,512,1.035353187,225.847175065,1000,230
2022050510.tif+AF8-converted.tif:0443+AC0-0838,137844,724.698277540,242.181383955,177.166279135,713.858529402,1,482,410,177.189700050,242.269547935,1000,230
2022050511.tif+AF8-converted.tif:0489+AC0-0830,145577,733.244526760,252.786603158,177.172655647,722.341332058,1,470,471,176.507778540,254.109501218,1000,230
2022050512.tif+AF8-converted.tif:0652+AC0-0848,134068,728.339627008,234.369616802,178.263325116,712.014747038,1,493,645,176.940689027,233.498488540,1000,230
2022050513.tif+AF8-converted.tif:0554+AC0-0916,143918,746.781794724,245.375677465,176.066001155,731.935789533,1,551,531,177.102412816,244.496292919,1000,230
2022050514.tif+AF8-converted.tif:0519+AC0-0878,124537,657.888381224,241.021786838,178.370026219,643.795775072,1,557,503,177.150927642,238.845389116,1000,230
2022050515.tif+AF8-converted.tif:0468+AC0-0816,142631,724.284687453,250.734873526,1.174251400,713.157766557,1,460,475,1.205203272,251.000000000,1000,230
2022050516.tif+AF8-converted.tif:0585+AC0-0921,145181,740.048254078,249.781266729,179.069345377,728.247897354,1,557,581,178.504982501,249.000000000,1000,230
2022050518.tif+AF8-converted.tif:0572+AC0-0674,121471,682.593424042,226.579505883,178.494108511,665.169151419,1,342,554,178.707833114,228.000000000,1000,230
2022050519.tif+AF8-converted.tif:0585+AC0-0845,120178,670.624990288,228.168326894,179.069984571,659.219235156,1,516,573,178.522287896,230.480418132,1000,230
2022050520.tif+AF8-converted.tif:0476+AC0-0936,148475,771.385312179,245.071092773,176.992235831,753.558226018,1,560,455,177.794479628,247.007997379,1000,230
2022050521.tif+AF8-converted.tif:0460+AC0-0851,153054,772.869517610,252.143991760,178.593151908,755.282728520,1,474,423,176.660267268,251.497368954,1000,230
2022050522.tif+AF8-converted.tif:0528+AC0-0879,135306,710.394758076,242.508757112,177.352750934,701.314480101,1,529,509,178.284091827,242.916648406,1000,230
2022050523.tif+AF8-converted.tif:0494+AC0-0823,150222,747.054408572,256.030335534,178.197480460,736.424469990,1,455,485,178.054559813,257.955772692,1000,230
2022050524.tif+AF8-converted.tif:0615+AC0-0858,126063,679.263677822,236.297629284,1.787181982,667.468351310,1,525,629,2.146513176,234.962794356,1000,230
2022050525.tif+AF8-converted.tif:0514+AC0-0896,114847,656.905724356,222.600803392,178.864883452,643.131401815,1,575,509,178.841767229,223.000000000,1000,230
2022050526.tif+AF8-converted.tif:0494+AC0-0859,148758,743.712117722,254.674575931,177.172777982,745.242242496,1,487,486,178.539082037,260.137369890,1000,230
2022050527.tif+AF8-converted.tif:0457+AC0-0838,337596,1021.681345567,420.718827068,0.127355498,1033.017424829,1,322,462,0.332788781,424.928797121,1000,230
2022050528.tif+AF8-converted.tif:0492+AC0-0959,299338,1018.069516449,374.364395244,178.741723798,1027.257513966,1,446,490,1.282943213,374.989402531,1000,230
2022050529.tif+AF8-converted.tif:0376+AC0-0876,204531,798.697998452,326.051846667,177.276082630,805.121729927,1,474,363,179.003652103,327.947270958,1000,230
2022050530.tif+AF8-converted.tif:0447+AC0-0939,305321,950.472101932,409.003873178,177.151559010,971.131813916,1,454,429,179.055973723,410.511281357,1000,230
2022050531.tif+AF8-converted.tif:0642+AC0-0808,205518,788.294410918,331.949131099,177.679373666,803.420811281,1,407,624,178.145491891,334.078229744,1000,230
2022050601.jpg+AF8-converted.tif:0617+AC0-0833,127849,695.492465227,234.053437950,0.732729354,685.493253067,1,491,600,2.173686860,233.776956113,1000,230
2022050602.jpg+AF8-converted.tif:0587+AC0-0853,132021,711.320853332,236.312990331,0.077383177,702.120360052,1,502,587,1.060911690,239.000000000,1000,230
2022050603.jpg+AF8-converted.tif:0598+AC0-0777,104980,617.190739560,216.569496006,1.005177340,602.100489952,1,476,609,1.046816354,213.177368789,1000,230
2022050604.jpg+AF8-converted.tif:0608+AC0-0874,132736,718.370250818,235.261307129,2.035047658,707.159105152,1,521,632,1.215428250,237.809210338,1000,230
2022050605.jpg+AF8-converted.tif:0626+AC0-0880,108398,637.385137811,216.535673618,179.124069160,628.230053404,1,566,621,178.449378284,220.982168242,1000,230
2022050606.jpg+AF8-converted.tif:0604+AC0-0811,134239,734.442268358,232.718636453,4.264126497,716.686821422,1,454,637,4.962815093,236.163638553,1000,230
2022050607.jpg+AF8-converted.tif:0529+AC0-0760,132222,704.005445626,239.132069404,0.661338262,694.072042370,1,413,532,0.825530470,244.332165147,1000,230
2022050608.jpg+AF8-converted.tif:0537+AC0-0857,105141,634.844218903,210.870123704,0.649402170,619.158299629,1,548,542,1.295644880,208.880261631,1000,230
2022050609.jpg+AF8-converted.tif:0580+AC0-0864,139096,721.877009592,245.336151950,179.498141590,713.100974617,1,508,585,0.964213811,246.928526708,1000,230
2022050610.jpg+AF8-converted.tif:0597+AC0-0808,137239,724.207882857,241.281717607,0.792600876,710.045068992,1,453,596,0.645558929,242.000000000,1000,230
2022050611.jpg+AF8-converted.tif:0540+AC0-0840,135513,714.925906951,241.340408493,179.302665351,706.442495891,1,487,519,177.971960008,240.523517072,1000,230
2022050612.jpg+AF8-converted.tif:0558+AC0-0888,136410,708.347812570,245.193961519,1.156320894,697.207286250,1,540,567,1.397181027,246.000000000,1000,230
2022050613.jpg+AF8-converted.tif:0494+AC0-0804,135369,715.720473250,240.816310799,1.895609096,705.681231152,1,452,516,2.517767018,243.000000000,1000,230
2022050614.jpg+AF8-converted.tif:0612+AC0-0875,120736,698.133631632,220.195450710,3.407656401,683.292031272,1,534,630,3.524028584,219.836737672,1000,230
2022050615.jpg+AF8-converted.tif:0586+AC0-0853,114609,666.960158044,218.790746677,0.911269509,655.061829143,1,526,588,0.787220713,219.050963866,1000,230
2022050616.jpg+AF8-converted.tif:0549+AC0-0808,128689,707.888800245,231.465625273,177.765176026,690.209388519,1,463,546,178.588650377,229.740540804,1000,230
2022050617.jpg+AF8-converted.tif:0583+AC0-0879,122416,674.948640414,230.928522225,0.668517602,661.170174766,1,549,583,178.700016322,231.873629512,1000,230
2022050618.jpg+AF8-converted.tif:0530+AC0-0892,99650,625.267199024,202.918561586,0.407967773,610.209799987,1,587,528,1.502495616,203.000000000,1000,230
2022050619.jpg+AF8-converted.tif:0587+AC0-0827,86874,571.676631076,193.485978255,178.111567377,563.150068809,1,546,585,178.677241921,195.039196664,1000,230
2022050620.jpg+AF8-converted.tif:0623+AC0-0839,120809,675.057157306,227.860403368,1.924075426,664.433593371,1,507,636,2.070030653,226.658372872,1000,230
2022050621.jpg+AF8-converted.tif:0548+AC0-0949,128939,701.740638066,233.947166165,0.445331562,691.035454951,1,604,552,179.419599511,235.000000000,1000,230
2022050622.jpg+AF8-converted.tif:0628+AC0-0774,144151,714.811043694,256.765414066,0.342988088,700.231390328,1,424,631,1.472995442,256.000000000,1000,230
2022050623.jpg+AF8-converted.tif:0635+AC0-0729,150333,749.009586327,255.550695175,179.757430058,737.114645086,1,361,632,178.989460111,255.981998817,1000,230
2022050624.jpg+AF8-converted.tif:0594+AC0-0839,120386,670.585391075,228.576729933,179.227388423,659.048556633,1,510,587,179.304486007,229.000000000,1000,230
2022050625.jpg+AF8-converted.tif:0609+AC0-0893,121277,680.476681143,226.921328160,3.184170131,665.271373200,1,561,626,1.636577042,227.129387400,1000,230
2022050626.jpg+AF8-converted.tif:0849+AC0-0200,143848,725.948836405,252.294587230,89.873860699,702.445015642,1,168,1200,87.960413957,250.530658549,1000,230
2022050627.jpg+AF8-converted.tif:0590+AC0-0794,147131,739.142667863,253.446344801,178.899078230,724.044197546,1,432,591,179.366923229,251.880995247,1000,230
2022050628.jpg+AF8-converted.tif:0409+AC0-0788,127775,649.008859418,250.671744257,1.986584697,654.247659530,1,461,423,1.576550055,254.010455179,1000,230
2022050629.jpg+AF8-converted.tif:0588+AC0-0835,129643,629.628122045,262.165218672,179.814237471,636.095118673,1,517,585,179.009134054,268.000000000,1000,230
2022050630.jpg+AF8-converted.tif:0528+AC0-0813,117729,617.540176887,242.732738650,179.998294029,622.003215426,1,502,527,179.815769833,246.418950385,1000,230
2022050631.jpg+AF8-converted.tif:0623+AC0-0845,117813,617.823418922,242.794568625,178.726658824,619.261657137,1,536,618,178.334356246,247.000000000,1000,230
2022050632.jpg+AF8-converted.tif:0570+AC0-0821,123698,631.519472817,249.394028187,0.533905086,636.063676058,1,503,571,0.810735219,253.350667349,1000,230
2022050633.jpg+AF8-converted.tif:0582+AC0-0847,132326,629.793402021,267.520579695,2.008664235,635.314882558,1,530,589,1.803995116,270.597005341,1000,230
2022050634.jpg+AF8-converted.tif:0500+AC0-0759,281795,945.467721624,379.486818326,179.323599589,960.102077906,1,279,495,0.835504225,386.117053528,1000,230
2022053111.tif+AF8-converted.tif:0486+AC0-0897,160054,711.969496745,286.230074497,178.662883514,714.403247473,1,540,465,178.074816292,283.990471092,,
2022053112.tif+AF8-converted.tif:0612+AC0-0688,151655,678.022130567,284.788850469,179.351565515,686.263069092,1,345,597,178.413496247,289.000000000,,
2022053113.tif+AF8-converted.tif:0519+AC0-0923,187790,720.553004418,331.830764205,177.200145803,735.425047167,1,556,499,178.051914993,357.509123102,,
2022053114.tif+AF8-converted.tif:0500+AC0-0906,164777,708.832498307,295.980493225,0.912071235,721.135909521,1,546,506,1.112399616,302.000000000,,
2022053115.tif+AF8-converted.tif:0546+AC0-0882,125390,614.839648018,259.663648935,2.333570146,624.115373949,1,570,551,1.101706115,265.317850310,,
2022053116.tif+AF8-converted.tif:0522+AC0-0872,206180,796.779733439,329.471895828,0.166571034,816.137856002,1,464,519,1.053112632,339.455278755,,
2022053117.tif+AF8-converted.tif:0628+AC0-0929,175740,727.513801185,307.566835471,178.712365793,743.387516710,1,558,613,178.149904772,311.494668975,,
2022053118.tif+AF8-converted.tif:0518+AC0-0923,160416,694.598794119,294.051755542,1.828611790,709.158656437,1,569,528,1.212000704,296.904848310,,
2022080901.jpg+AF8-converted.tif:0617+AC0-0801,134151,736.600536702,231.884650710,0.067208874,726.465415557,1,438,641,2.051038417,235.000000000,500,115
2022080902.jpg+AF8-converted.tif:0570+AC0-0877,120481,682.627764544,224.721556252,178.377282180,673.106975153,1,541,567,178.978489593,224.263744365,500,115
2022080903.jpg+AF8-converted.tif:0561+AC0-0911,139151,726.084282224,244.011005646,178.960352079,720.044443073,1,551,561,179.363406424,253.280234029,500,115
2022080904.jpg+AF8-converted.tif:0552+AC0-0917,131486,711.073455829,235.437244080,2.153674258,702.775212995,1,566,581,2.691410016,234.865071662,500,115
2022080905.jpg+AF8-converted.tif:0580+AC0-0860,131331,700.902529988,238.572148759,0.140885539,691.319029103,1,515,586,1.740725250,240.000000000,500,115
2022080906.jpg+AF8-converted.tif:0605+AC0-0844,129439,718.981079166,229.222796269,0.871381028,706.017705160,1,491,616,0.405770691,229.617794684,500,115
2022080907.jpg+AF8-converted.tif:0537+AC0-0828,122092,717.719371886,216.592123029,0.569312546,701.182572516,1,478,548,1.307522580,216.518399686,500,115
2022080908.jpg+AF8-converted.tif:0613+AC0-0871,113687,679.537701364,213.013617687,1.522716546,667.362719966,1,538,631,1.889130945,214.535737320,500,115
2022080909.tif+AF8-converted.tif:0568+AC0-0814,129084,687.115418441,239.195408780,3.030418894,679.619010917,1,475,586,2.445608833,241.074936330,500,115
2022080910.tif+AF8-converted.tif:0619+AC0-0890,129300,710.257847118,231.788883153,2.280698542,699.560576362,1,541,644,2.293883526,233.852992379,500,115
2022080911.tif+AF8-converted.tif:0608+AC0-0867,112677,662.125091843,216.673275110,178.259142249,648.077155900,1,543,606,179.115876052,215.000735902,500,115
2022080912.tif+AF8-converted.tif:0544+AC0-0770,115556,680.924689094,216.074510424,2.395271602,664.031625753,1,439,573,3.194188765,217.110129385,500,115
2022080913.tif+AF8-converted.tif:0663+AC0-0882,132846,721.049487739,234.581375392,0.640207191,714.137241712,1,525,661,1.123302714,238.000000000,500,115
2022080914.tif+AF8-converted.tif:0489+AC0-0906,131185,726.205352612,230.003715995,179.669136382,716.136858429,1,548,499,1.120165798,231.468002770,500,115
2022080915.tif+AF8-converted.tif:0553+AC0-0908,132480,716.290376872,235.489377399,179.304978849,700.182833266,1,558,539,178.690610181,234.365634859,500,115
2022080916.tif+AF8-converted.tif:0610+AC0-0867,140304,766.412505410,233.086751356,174.333909027,742.049189744,1,500,530,171.553228942,227.555987894,500,115
2022092101.tif+AF8-converted.tif:0512+AC0-0897,122790,665.087746570,235.068356776,0.422815060,656.171471492,1,569,518,1.309888651,236.589244855,500,115
2022092103.tif+AF8-converted.tif:0539+AC0-0864,136056,703.086339097,246.387776103,1.576437621,698.140387028,1,515,554,1.149044947,245.839164205,500,115
2022092104.tif+AF8-converted.tif:0552+AC0-0827,182264,930.103393152,249.505306711,0.535415536,897.655836053,1,380,599,4.408496158,314.822667753,500,115
2022092105.tif+AF8-converted.tif:0801+AC0-0787,128925,703.590717209,233.306671464,0.456110031,689.035557863,1,443,800,0.582085135,232.188216264,500,115
2022092106.tif+AF8-converted.tif:0457+AC0-0802,139887,734.099683479,242.623262484,176.926872741,725.223413853,1,440,445,178.577776271,242.933004813,500,115
2022092107.tif+AF8-converted.tif:0521+AC0-0911,124262,665.558166705,237.718204393,177.598524242,655.515827421,1,584,510,177.726857117,238.287820109,500,115
2022092108.tif+AF8-converted.tif:0581+AC0-0696,122719,662.651037393,235.796331513,178.933245009,650.076918526,1,371,578,0.881403997,235.747155964,500,115
2022092109.tif+AF8-converted.tif:0614+AC0-0953,120297,660.869538727,231.765709474,178.592476443,651.172788129,1,628,604,178.680054306,230.450003043,500,115
2022092110.tif+AF8-converted.tif:0475+AC0-1076,113080,643.337253428,223.798523949,177.993501398,635.284188376,1,759,470,178.286149431,225.515995719,500,115
2022092111.tif+AF8-converted.tif:0516+AC0-0804,128046,683.901985245,238.386836509,2.264202058,674.908141898,1,467,524,2.972630045,240.211962411,500,115
2022092301.tif+AF8-converted.tif:0560+AC0-0939,141742,720.839417437,250.363000669,3.038459067,710.127453349,1,585,569,3.229060976,253.000000000,500,115
2022092302.tif+AF8-converted.tif:0582+AC0-0815,139905,718.435449700,247.945140486,0.134433271,709.045132555,1,461,589,0.646469372,250.000000000,500,115
2022092303.tif+AF8-converted.tif:0612+AC0-0871,136365,699.745783804,248.126268906,0.308594843,688.142427118,1,527,617,1.165741606,247.858326755,500,115
2022092304.tif+AF8-converted.tif:0536+AC0-0896,146176,741.265425584,251.080189724,177.624606555,729.888347626,1,532,526,177.172875422,254.555347110,500,115
2022092305.tif+AF8-converted.tif:0688+AC0-0856,150089,766.000928580,249.476525288,178.090873426,747.866966780,1,483,675,177.240892341,249.826523754,500,115
2022092306.tif+AF8-converted.tif:0452+AC0-0798,170417,697.572823659,311.052346272,13.786020220,723.135533631,1,449,550,15.150881499,373.767371973,500,115
2022092307.tif+AF8-converted.tif:0577+AC0-0792,141635,725.507345066,248.564379320,0.120385755,714.179249208,1,435,571,178.716275814,250.000000000,500,115
2022092308.tif+AF8-converted.tif:0608+AC0-0929,131656,718.757107523,233.221520521,177.896277034,703.518301112,1,578,585,177.800531900,235.835828216,500,115
2022092309.tif+AF8-converted.tif:0671+AC0-0848,121934,674.986651567,230.006312402,179.650975497,669.036620821,1,514,668,179.400514468,233.000000000,500,115
2022092310.tif+AF8-converted.tif:0549+AC0-0853,127922,706.345663904,230.588729237,1.301525351,689.652811203,1,509,559,2.493161650,229.904300895,500,115
2022092311.tif+AF8-converted.tif:0592+AC0-0916,124103,686.679485473,230.111501163,0.275939107,673.297111237,1,580,595,1.702196782,228.873492477,500,115
2022092312.tif+AF8-converted.tif:0565+AC0-0855,146167,733.706786369,253.651196899,1.006320918,720.136098248,1,495,564,1.113944227,256.000000000,500,115
2022092313.tif+AF8-converted.tif:0562+AC0-0834,118956,654.030195909,231.578731733,0.440911748,645.174395028,1,512,562,1.332219854,232.677954234,500,115
2022092314.tif+AF8-converted.tif:0557+AC0-0872,119032,664.031837562,228.236420177,179.107834348,651.442246097,1,547,556,177.888669374,228.355195182,500,115
2022092315.tif+AF8-converted.tif:0661+AC0-0967,156067,771.786384996,257.468491141,1.009208786,748.561954684,1,593,652,177.779751550,257.191804940,500,115
2022092316.tif+AF8-converted.tif:0650+AC0-1053,128182,694.431655907,235.021531543,1.464325878,686.104948240,1,710,662,1.002156324,237.639505804,500,115
2022092317.tif+AF8-converted.tif:0530+AC0-0986,165692,833.152322761,253.213729210,176.787441793,810.364115691,1,582,458,176.675058010,257.007709089,500,115
2022092318.tif+AF8-converted.tif:0550+AC0-0843,139852,725.601734420,245.403350576,2.211527743,716.436319571,1,485,569,1.999738570,246.434629021,500,115
2022092319.tif+AF8-converted.tif:0607+AC0-0916,152177,772.131031497,250.938980944,177.696372751,755.005960241,1,539,593,0.227664151,254.613644923,500,115
2022092320.tif+AF8-converted.tif:0534+AC0-0924,152389,748.690252626,259.156173467,179.149723382,741.097159622,1,554,538,0.927785774,262.445192164,500,115
2022092321.tif+AF8-converted.tif:0589+AC0-0859,118148,682.467114390,220.421911268,177.001797465,669.628255079,1,525,571,177.517880365,222.867537856,500,115
2022092322.tif+AF8-converted.tif:0524+AC0-0855,124870,673.050821058,236.222016193,0.577849193,663.048263703,1,524,532,179.308681761,238.191411786,500,115
2022110201.tif+AF8-converted.tif:0579+AC0-0855,130217,715.863777108,231.604725785,1.130854141,701.160466655,1,505,584,1.225828184,229.929920778,500,115
2022110202.tif+AF8-converted.tif:0582+AC0-0858,128979,720.400858342,227.958033835,0.061313366,703.230403211,1,507,578,178.533287705,227.000000000,500,115
2022110203.tif+AF8-converted.tif:0555+AC0-0845,136293,713.238771362,243.303707311,3.502868120,700.377755215,1,495,567,1.881898580,244.524110110,500,115
2022110204.tif+AF8-converted.tif:0527+AC0-0811,119433,676.873409435,224.660647658,1.663784168,656.037346498,1,483,527,179.388635312,222.000000000,500,115
2022110205.tif+AF8-converted.tif:0568+AC0-0829,118476,662.968831681,227.534570395,179.926936539,652.110420098,1,503,569,1.054404504,231.000000000,500,115
2022110206.tif+AF8-converted.tif:0502+AC0-0819,150887,758.287384939,253.354201853,0.188738402,744.564973659,1,447,510,2.232173227,256.136764160,500,115
2022110207.tif+AF8-converted.tif:0549+AC0-0845,151356,779.928160805,247.089993948,0.693031186,762.212568776,1,464,537,178.646808046,247.229199379,500,115
2022110208.tif+AF8-converted.tif:0522+AC0-0872,125348,701.146796389,227.624273940,178.128704915,687.320885759,1,529,496,178.249145813,227.133967104,500,115
2022110209.tif+AF8-converted.tif:0497+AC0-0790,124042,676.408552264,233.490808298,179.392373388,667.126674628,1,457,496,178.883432023,235.888674124,500,115
2022110210.tif+AF8-converted.tif:0552+AC0-0829,148126,767.009261442,245.889965460,1.070818341,748.353526082,1,455,550,1.761213697,241.950948306,500,115
2022110211.tif+AF8-converted.tif:0579+AC0-0858,149335,772.900287492,246.007448166,178.519367166,758.094980857,1,479,567,179.093018570,248.000000000,500,115
2022110212.tif+AF8-converted.tif:0533+AC0-0738,132623,699.784448288,241.304088072,179.663846672,687.142634393,1,395,532,1.167437995,243.000000000,500,115
2022110213.tif+AF8-converted.tif:0497+AC0-0899,140088,731.898672834,243.702561520,178.586381377,716.025139223,1,541,487,0.480120992,243.091636241,500,115
2022110214.tif+AF8-converted.tif:0580+AC0-0857,125168,691.682697612,230.407451112,1.007248717,677.011816736,1,519,585,0.338523562,231.000000000,500,115
2022110215.tif+AF8-converted.tif:0406+AC0-0987,143996,738.407527300,248.292974686,179.383959658,724.466700408,1,625,396,177.943300590,247.141196322,500,115
2022110216.tif+AF8-converted.tif:0480+AC0-0873,142038,751.456490300,240.663831891,179.033064427,739.244208635,1,504,471,178.527225931,242.770646480,500,115
2022110217.tif+AF8-converted.tif:0465+AC0-0888,148778,754.425269964,251.091845049,0.104448925,741.218591240,1,518,469,1.391526653,253.000000000,500,115
2022110301.tif+AF8-converted.tif:0499+AC0-0861,145229,737.545533853,250.711715216,179.027379165,726.333945235,1,498,487,176.526998678,256.000000000,500,115
2022110302.tif+AF8-converted.tif:0514+AC0-0763,149123,753.208827784,252.080556714,178.962245301,743.454773339,1,392,503,177.995851067,254.522570685,500,115
2022110303.tif+AF8-converted.tif:0581+AC0-0862,139316,733.399622954,241.863555506,179.966735770,724.176773999,1,500,578,178.734001000,246.720430018,500,115
2022110304.tif+AF8-converted.tif:0550+AC0-0877,154877,763.432138451,258.301309361,0.157269117,751.293551150,1,502,554,178.398271752,258.087078528,500,115
2022110305.tif+AF8-converted.tif:0583+AC0-0801,145327,746.615162780,247.833278163,2.935069432,732.640430225,1,436,599,3.834883179,247.860545036,500,115
2022110306.tif+AF8-converted.tif:0598+AC0-0851,115177,657.529389876,223.028678720,179.031000683,648.444292133,1,527,587,177.878903603,223.745969155,500,115
2022110307.tif+AF8-converted.tif:0558+AC0-0874,156056,773.811677753,256.776520833,179.595666250,762.041993594,1,493,556,0.601508394,259.752281229,500,115
2022110308.tif+AF8-converted.tif:0521+AC0-0928,141666,728.074083217,247.742307414,1.145750462,717.669840526,1,570,527,2.475681532,251.784306935,500,115
2022110309.tif+AF8-converted.tif:0577+AC0-0875,143590,734.787295723,248.812775197,178.713394101,725.116542357,1,513,568,178.972737488,253.000000000,500,115
2022110310.tif+AF8-converted.tif:0576+AC0-0835,130624,688.945335573,241.406151844,179.921470893,675.296231294,1,498,577,178.302843810,241.000000000,500,115
2022110311.tif+AF8-converted.tif:0632+AC0-0831,154015,783.531301145,250.274607021,1.184760021,768.023437142,1,447,634,179.552385829,251.000000000,500,115
2023121401.tif+AF8-converted.tif:0497+AC0-0808,221381,888.571483184,317.218196833,179.171223008,886.542159178,1,365,488,177.996111856,318.000000000,50,11.5
2023121402.tif+AF8-converted.tif:0665+AC0-0766,193564,823.370520994,299.322519999,1.342418988,824.398568655,1,355,676,3.337892359,302.000000000,50,11.5
2023121403.tif+AF8-converted.tif:0527+AC0-0741,178211,797.956393722,284.358010402,179.036930154,792.817759640,1,345,522,177.397437798,288.382749164,50,11.5
2023121404.tif+AF8-converted.tif:0577+AC0-0699,184256,794.706665207,295.205810931,179.125698427,795.425043609,1,302,590,1.873156597,295.280136030,50,11.5
2023121405.tif+AF8-converted.tif:0579+AC0-0650,193232,827.999751252,297.138523697,177.795277465,820.912297386,1,240,557,176.088428187,297.120881959,50,11.5
2023121406.tif+AF8-converted.tif:0538+AC0-0634,177699,802.396051017,281.972217552,1.332399909,818.352002503,1,225,570,1.680567650,286.516996095,50,11.5
2023121407.tif+AF8-converted.tif:0619+AC0-0722,179711,789.304162355,289.894774077,1.434607911,786.405747690,1,330,649,3.426357663,292.396295385,50,11.5
2023121408.tif+AF8-converted.tif:0574+AC0-0695,192006,840.951934542,290.705832266,0.048907121,848.339554660,1,271,570,1.621145914,292.585353351,50,11.5
2023121409.tif+AF8-converted.tif:0629+AC0-0621,187818,807.257994316,296.234049705,0.797679102,801.820428774,1,221,633,3.861607410,301.000000000,50,11.5
2023121501.tif+AF8-converted.tif:0568+AC0-0795,164844,761.903128208,275.475833793,178.523008196,761.215475408,1,415,554,176.761717600,277.929054224,50,11.5
2023121502.tif+AF8-converted.tif:0554+AC0-0691,184128,834.535851851,280.921485126,3.248830602,831.950118697,1,277,578,4.826553781,284.669811008,50,11.5
2023121503.tif+AF8-converted.tif:0630+AC0-0720,180617,809.516551858,284.081537707,1.717762297,802.955166868,1,320,656,3.999190204,286.000000000,50,11.5
2023121504.tif+AF8-converted.tif:0607+AC0-0668,206112,861.855247909,304.494228794,0.830519663,856.561147846,1,240,589,177.925942430,305.000000000,50,11.5
2023121505.tif+AF8-converted.tif:0511+AC0-0714,170135,803.880917614,269.471018900,0.775355789,798.952439135,1,315,522,2.797943472,270.000000000,50,11.5
2023121506.tif+AF8-converted.tif:0531+AC0-0822,183836,814.309569976,287.442606075,2.164010103,808.223360217,1,418,557,1.347053499,292.351051252,50,11.5
2023121507.tif+AF8-converted.tif:0543+AC0-0765,193688,835.602931882,295.129674073,0.277052376,834.958681612,1,348,557,2.745894830,299.000000000,50,11.5
2023121901.tif+AF8-converted.tif:0591+AC0-0762,209686,852.281763245,313.253807240,179.737019634,845.146141209,1,340,572,177.015717856,307.974294459,50,11.5
2023121902.tif+AF8-converted.tif:0633+AC0-0781,190002,832.320415310,290.654963556,178.808213143,838.772913249,1,362,625,177.540118634,292.433054784,50,11.5
2023121903.tif+AF8-converted.tif:0539+AC0-0792,203469,843.115661329,307.270744466,179.390004638,843.370618412,1,371,541,178.301334769,314.000000000,50,11.5
2023121904.tif+AF8-converted.tif:0605+AC0-0696,192667,838.242070592,292.649643786,176.267188596,826.594217255,1,284,576,174.654958218,289.975493451,50,11.5
2023121905.tif+AF8-converted.tif:0581+AC0-0700,199231,852.055103817,297.714064033,179.028720334,849.641100701,1,276,586,2.225923895,301.524567098,50,11.5
2023121906.tif+AF8-converted.tif:0588+AC0-0628,178363,841.917020811,269.740151706,1.777049235,834.312291651,1,213,647,6.469116512,273.677730358,50,11.5
2023121907.tif+AF8-converted.tif:0524+AC0-0785,202126,865.115541343,297.480283176,178.402698290,862.927575177,1,354,509,177.343169027,300.000000000,50,11.5
2023121908.tif+AF8-converted.tif:0574+AC0-0829,189091,799.552194561,301.116225296,3.428231261,803.097129867,1,429,597,4.141529961,301.098905106,50,11.5
2023121909.tif+AF8-converted.tif:0556+AC0-0909,202173,868.036619235,296.548155658,3.801963742,862.231987344,1,479,596,4.123492021,296.154352807,50,11.5
2023121910.tif+AF8-converted.tif:0556+AC0-0702,202566,857.295312649,300.847371744,178.109166745,852.760224213,1,276,540,177.580490783,302.638726125,50,11.5
2024010301.tif+AF8-converted.tif:0552+AC0-0934,153633,727.675703751,268.817015558,0.820608105,729.428543450,1,570,537,178.035893879,272.460744991,50,11.5
2024010302.tif+AF8-converted.tif:0532+AC0-0691,175331,806.865954435,276.673419409,179.628318448,798.456636268,1,292,549,1.937839765,275.000000000,50,11.5
2024010303.tif+AF8-converted.tif:0611+AC0-0740,148367,738.405871065,255.830484204,0.891029762,729.428543450,1,376,612,178.035893879,256.473912676,50,11.5
2024010304.tif+AF8-converted.tif:0613+AC0-0693,176223,792.021643350,283.292879905,178.024363367,791.128940186,1,299,588,175.795705172,282.000000000,50,11.5
2024010305.tif+AF8-converted.tif:0577+AC0-0647,154759,745.972123026,264.145633089,0.138691750,744.526695290,1,275,587,2.155275621,266.936956702,50,11.5
2024010306.tif+AF8-converted.tif:0596+AC0-0637,151567,748.280511108,257.899404317,0.058896995,757.291225355,1,259,607,178.410960553,262.239368440,50,11.5
2024010401.tif+AF8-converted.tif:0529+AC0-0825,205591,861.557002672,303.829683271,179.361629077,855.889011496,1,398,507,177.388318622,308.000000000,50,11.5
2024010402.tif+AF8-converted.tif:0485+AC0-0768,143993,712.129195887,257.449888060,4.976657303,719.940275301,1,410,560,5.180018501,259.249248377,50,11.5
2024010403.tif+AF8-converted.tif:0572+AC0-0847,196931,836.909355578,299.602740862,0.838030653,828.135858419,1,435,589,4.987721515,305.000000000,50,11.5
2024010404.tif+AF8-converted.tif:0573+AC0-0756,276849,1115.373176098,316.033326132,1.433094700,1088.334966819,1,212,592,1.421570402,311.194440667,50,11.5
2024010405.tif+AF8-converted.tif:0565+AC0-0715,278391,1128.601629312,314.068685436,4.725709356,1101.346902661,1,167,623,6.621698876,309.595822152,50,11.5
2024010406.tif+AF8-converted.tif:0494+AC0-0688,295972,1154.962383045,326.281842653,0.122625914,1127.543347282,1,125,509,1.778800316,324.000000000,50,11.5
2024010407.tif+AF8-converted.tif:0540+AC0-0721,278195,1120.463615045,316.127065968,1.394627797,1095.113236154,1,175,550,3.560016370,314.000000000,50,11.5
2024010408.tif+AF8-converted.tif:0519+AC0-0756,297789,1181.619840754,320.878778191,178.709900379,1156.716905729,1,179,481,176.877869538,319.288990719,50,11.5
2024010409.tif+AF8-converted.tif:0627+AC0-0771,275492,1133.039471726,309.580837571,5.252819160,1106.634989506,1,221,697,6.277298490,310.053814481,50,11.5
2024010410.tif+AF8-converted.tif:0576+AC0-0808,269859,1117.255050374,307.535105961,178.604280528,1089.222199553,1,264,591,1.157333068,305.005635071,50,11.5
2024010411.tif+AF8-converted.tif:0610+AC0-0727,253982,1080.056598340,299.410166604,179.113405888,1059.277111997,1,198,592,177.186214602,297.000000000,50,11.5
2024010412.tif+AF8-converted.tif:0609+AC0-0740,249979,1077.882819675,295.285482191,2.692112321,1049.337409988,1,217,645,3.824971020,297.483212928,50,11.5
2024010413.tif+AF8-converted.tif:0503+AC0-0895,291848,1164.570356885,319.081120737,0.785428148,1149.595581063,1,321,536,1.844396457,320.874045068,50,11.5
2024010501.tif+AF8-converted.tif:0557+AC0-0653,202375,844.242933813,305.210553202,0.005857823,836.863190731,1,235,558,2.602562202,309.639571765,50,11.5
2024010502.tif+AF8-converted.tif:0660+AC0-0746,216571,994.293479464,277.329347057,0.859728262,974.295643016,1,259,645,178.588479972,278.152643994,50,11.5
2024010503.tif+AF8-converted.tif:0493+AC0-0814,225365,1028.178176013,279.079673828,0.928394360,1006.615120093,1,312,522,3.246133687,279.803618881,50,11.5
2024010504.tif+AF8-converted.tif:0560+AC0-0693,212989,973.206425150,278.652103383,178.797300980,956.353491132,1,215,546,178.442130603,285.000000000,50,11.5
2024010505.tif+AF8-converted.tif:0598+AC0-0774,206936,978.380086443,269.301370787,0.797738081,961.168559619,1,294,608,1.073052497,267.083427125,50,11.5
2024010506.tif+AF8-converted.tif:0564+AC0-0709,225251,1020.054131332,281.160059924,0.538481951,997.421676123,1,211,555,178.333892437,278.901109522,50,11.5
2024012501.tif+AF8-converted.tif:0569+AC0-0794,124839,691.476341273,229.870412099,178.586908138,680.624713039,1,455,545,176.040334171,227.000000000,50,11.5
2024012502.tif+AF8-converted.tif:0573+AC0-0710,121476,668.793561277,231.264258348,0.737603461,660.334006394,1,380,555,178.177567312,230.744328767,50,11.5
2024012503.tif+AF8-converted.tif:0536+AC0-0764,123085,698.419857996,224.387504979,178.597376683,684.170300437,1,423,514,176.648292348,220.394150340,50,11.5
2024012504.tif+AF8-converted.tif:0560+AC0-0735,119770,678.867689151,224.632726980,2.662300015,667.701280514,1,402,588,5.155584317,224.445770622,50,11.5
2024020101.tif+AF8-converted.tif:0632+AC0-0784,121620,680.575768530,227.529983568,178.901906528,669.196533165,1,450,612,176.573206843,225.495926308,50,11.5
2024020102.tif+AF8-converted.tif:0569+AC0-0792,121497,680.798374063,227.225549972,177.667713655,668.025448617,1,459,546,176.824927480,224.271920908,50,11.5
2024020103.tif+AF8-converted.tif:0511+AC0-0809,122285,673.508372234,231.174702716,2.865049798,662.679409670,1,478,521,2.594710239,229.270153567,50,11.5
2024020104.tif+AF8-converted.tif:0528+AC0-0718,139691,721.058909404,246.665151659,174.691720783,695.261821187,1,380,434,169.223411986,253.684826314,50,11.5
2024020201.tif+AF8-converted.tif:0576+AC0-0806,127569,695.568968144,233.515155105,178.052616845,682.422156733,1,465,558,177.984557920,232.000000000,50,11.5
2024020202.tif+AF8-converted.tif:0568+AC0-0757,122979,669.513209035,233.873990623,1.733575829,663.207358222,1,426,581,3.457776686,233.937833171,50,11.5
2024020203.tif+AF8-converted.tif:0566+AC0-0835,117857,655.679091098,228.862251460,1.017762683,648.249951793,1,511,576,1.591140271,228.000000000,50,11.5
2024020204.tif+AF8-converted.tif:0544+AC0-0869,120866,675.664710937,227.762924899,175.648729055,667.353729292,1,537,515,175.186449106,227.078771169,50,11.5
2024020205.tif+AF8-converted.tif:0604+AC0-0728,126264,697.890375877,230.357551033,179.175564502,686.236110971,1,385,581,178.496957079,228.000000000,50,11.5
2024020206.tif+AF8-converted.tif:0661+AC0-1061,115298,668.052159317,219.746274271,175.863172974,658.471715414,1,733,623,175.034028235,221.171623708,50,11.5
2024020207.tif+AF8-converted.tif:0553+AC0-0780,133801,719.665844911,236.721980805,179.118576158,713.253110754,1,424,566,1.526454753,236.614537916,50,11.5
2024020208.tif+AF8-converted.tif:0535+AC0-0765,124363,703.416504187,225.106872755,0.642662802,690.837173290,1,420,555,2.820988594,223.193724753,50,11.5
